address,kind,our_status,our_name,their_status,their_owner,their_proposed_name,their_module,their_source_file,their_match_percent,size_theirs,flag,boundary_note
0x00401000,game,implemented,AsciiManager::AsciiManager,exact,authored,AsciiManagerView::AsciiManagerView,AsciiManager,src/AnmManager.cpp,100.00,251,ADOPT_EXACT,
0x00401100,game,,sub_401100,exact,,th10::leaf::LeafIdentity00401100View::Get,,src/DecomphelpLeafAccessors.cpp,100.00,3,LIB_FREE,
0x00401110,game,implemented,AsciiManager::Initialize,unclassified,authored,AsciiManagerView::Initialize,AsciiManager,src/AnmManager.cpp,0.00,330,VERIFY_OURS,
0x00401260,game,implemented,DestroyAsciiManagerHostInPlace,unclassified,authored,AsciiManagerView::~AsciiManagerView,AsciiManager,src/AnmManager.cpp,0.00,467,VERIFY_OURS,
0x00401440,game,implemented,CreateAsciiManager,unclassified,authored,AsciiManagerCreate,AsciiManager,src/AnmManager.cpp,0.00,69,VERIFY_OURS,
0x004014d0,game,implemented,ClearAsciiSecondaryStringsAndTickEaxAbi,exact,authored,AsciiManagerView::ResetStrings,AsciiManager,src/AnmManager.cpp,100.00,26,ADOPT_EXACT,
0x004014f0,game,implemented,ClearAsciiSecondaryStringsAndTickEcxAbi,exact,authored,AsciiManagerView::OnUpdate,AsciiManager,src/AnmManager.cpp,100.00,26,ADOPT_EXACT,
0x00401510,game,implemented,AsciiManager::DrawPrimaryStringsCallback,exact,authored,AsciiManagerView::OnDrawLowPriority,AsciiManager,src/AnmManager.cpp,100.00,7,ADOPT_EXACT,
0x00401520,game,implemented,AsciiManager::OnDrawStrings,unclassified,authored,AsciiManagerView::OnDrawHighPriority,AsciiManager,src/AnmManager.cpp,0.00,10,VERIFY_OURS,
0x00401530,game,object-matched,AsciiManager::AddString,exact,authored,AsciiManagerView::AddString,AsciiManager,src/AnmManager.cpp,100.00,132,BOTH_MATCHED,
0x004015c0,game,implemented,AddAsciiSecondaryStringEsiAbi,exact,authored,AsciiManagerView::AddGuiString,AsciiManager,src/AnmManager.cpp,100.00,109,ADOPT_EXACT,
0x00401630,game,object-matched,AsciiManager::AddFormatText,exact,authored,AsciiManagerView::AddFormatText,AsciiManager,src/AnmManager.cpp,100.00,85,BOTH_MATCHED,
0x00401690,game,object-matched,AsciiManager::AddFormatTextSelected,exact,authored,AsciiManagerView::AddSmallFormatText,AsciiManager,src/AnmManager.cpp,100.00,100,BOTH_MATCHED,
0x00401700,game,implemented,AddAsciiSecondaryStringFormattedEsiStackAbi,exact,authored,AsciiManagerView::AddGuiFormatText,AsciiManager,src/AnmManager.cpp,100.00,94,ADOPT_EXACT,
0x00401760,game,implemented,AsciiManager::DrawPrimaryStrings,unclassified,authored,AsciiManagerDrawStrings,AsciiManager,src/AnmManager.cpp,0.00,738,VERIFY_OURS,
0x00401a50,game,implemented,AsciiManager::DrawSecondaryStringsBody,unclassified,authored,AsciiManagerDrawGuiStrings,AsciiManager,src/AnmManager.cpp,0.00,570,VERIFY_OURS,
0x00401c90,game,,sub_401C90,exact,authored,AsciiManagerView::GetSize,AsciiManager,src/AnmManager.cpp,100.00,6,IMPORT_EXACT,
0x00401ca0,,,,exact,,th10::leaf::Fn00401CA0,,src/DecomphelpLeafAccessors.cpp,100.00,4,LIB_FREE,
0x00401cb0,game,,sub_401CB0,exact,,th10::leaf::Fn00401CB0,,src/DecomphelpLeafAccessors.cpp,100.00,7,LIB_FREE,
0x00401cc0,game,,sub_401CC0,exact,,th10::leaf::Fn00401CC0,,src/DecomphelpLeafAccessors.cpp,100.00,7,LIB_FREE,
0x00401cd0,game,,sub_401CD0,exact,,th10::leaf::Fn00401CD0,,src/DecomphelpLeafAccessors.cpp,100.00,7,LIB_FREE,
0x00401ce0,game,implemented,SetEntitySizePairEaxStackAbi,,,,,,,,,
0x00401d10,game,,sub_401D10,exact,,th10::leaf::Fn00401D10,,src/DecomphelpLeafAccessors.cpp,100.00,7,LIB_FREE,
0x00401d20,game,implemented,AcquireGateVmRecordSlotEbxAbi,unclassified,authored,,,,0.00,60,VERIFY_OURS,
0x00401d60,game,implemented,SetEntityPositionPairEaxStackAbi,,,,,,,,,
0x00401d80,game,,nullsub_4,,,,,,,,UNSOURCED,
0x00401d90,game,implemented,ClearAsciiSecondaryStringsEaxAbi,exact,,th10::leaf::Fn00401D90,,src/DecomphelpLeafAccessors.cpp,100.00,15,VERIFY_OURS,
0x00401da0,game,,nullsub_5,,,,,,,,UNSOURCED,
0x00401db0,game,,nullsub_6,exact,,th10::leaf::Fn00401DB0,,src/DecomphelpLeafAccessors.cpp,100.00,1,LIB_FREE,
0x00401de0,game,implemented,ResetAsciiAnimationVmRecord,exact,authored,AnmVmView::Initialize,AnmManager,src/AnmManager.cpp,100.00,273,ADOPT_EXACT,
0x00401f00,,,,exact,authored,AnmMatrixView::SetIdentity,AnmManager,src/AnmManager.cpp,100.00,55,IMPORT_EXACT,
0x00401f40,game,implemented,SetSentinelTripleEaxAbi,exact,authored,AnmVmTimerView::Initialize,AnmManager,src/AnmManager.cpp,100.00,15,ADOPT_EXACT,
0x00401f50,game,,sub_401F50,,,,,,,,UNSOURCED,
0x00401f60,game,,sub_401F60,exact,,th10::leaf::Fn00401F60,,src/DecomphelpLeafAccessors.cpp,100.00,8,LIB_FREE,
0x00401f70,game,,sub_401F70,exact,,th10::leaf::Fn00401F70,,src/DecomphelpLeafAccessors.cpp,100.00,8,LIB_FREE,
0x00401f80,game,,sub_401F80,exact,,th10::leaf::Fn00401F80,,src/DecomphelpLeafAccessors.cpp,100.00,8,LIB_FREE,
0x00401f90,game,implemented,SetFirstDwordTripleEaxEcxAbi,exact,,th10::leaf::Fn00401F90,,src/DecomphelpLeafAccessors.cpp,100.00,11,VERIFY_OURS,
0x00401fa0,game,,sub_401FA0,exact,,th10::leaf::LeafIdentity00401FA0View::Get,,src/DecomphelpLeafAccessors.cpp,100.00,3,LIB_FREE,
0x00401fb0,game,,sub_401FB0,exact,,th10::leaf::Fn00401FB0,,src/DecomphelpLeafAccessors.cpp,100.00,7,LIB_FREE,
0x00401fc0,game,,nullsub_7,exact,,th10::leaf::Fn00401FC0,,src/DecomphelpLeafAccessors.cpp,100.00,1,LIB_FREE,
0x00401fd0,game,implemented,WalkStrideSlotsEaxEbxAbi,,,,,,,,,
0x00401ff0,game,implemented,DestroyTitleScreenVmRecordInPlace,exact,authored,AnmVmView::~AnmVmView,AnmManager,src/AnmManager.cpp,100.00,34,ADOPT_EXACT,
0x00402050,game,implemented,InitTitleScreenVmRecordEcxAbi,exact,authored,AnmVmView::AnmVmView,AnmManager,src/AnmManager.cpp,100.00,88,ADOPT_EXACT,
0x004020b0,game,implemented,ClearTitleScreenVmRecordFlagsEaxAbi,exact,,th10::leaf::Fn004020B0,,src/DecomphelpLeafAccessors.cpp,100.00,56,VERIFY_OURS,
0x004020f0,game,,sub_4020F0,exact,,th10::leaf::Fn004020F0,,src/DecomphelpLeafAccessors.cpp,100.00,5,LIB_FREE,
0x00402100,game,,sub_402100,exact,,th10::leaf::Fn00402100,,src/DecomphelpLeafAccessors.cpp,100.00,5,LIB_FREE,
0x00402110,game,,sub_402110,exact,,th10::leaf::Fn00402110,,src/DecomphelpLeafAccessors.cpp,100.00,5,LIB_FREE,
0x00402120,game,,nullsub_8,exact,,th10::leaf::Fn00402120,,src/DecomphelpLeafAccessors.cpp,100.00,1,LIB_FREE,
0x00402130,game,,sub_402130,exact,,th10::leaf::Fn00402130,,src/DecomphelpLeafAccessors.cpp,100.00,5,LIB_FREE,
0x00402140,game,,nullsub_9,exact,,th10::leaf::Fn00402140,,src/DecomphelpLeafAccessors.cpp,100.00,1,LIB_FREE,
0x00402150,game,,nullsub_10,exact,,th10::leaf::Fn00402150,,src/DecomphelpLeafAccessors.cpp,100.00,1,LIB_FREE,
0x00402160,game,implemented,InitTitleScreenVmHostStackAbi,unclassified,,,,,0.00,188,VERIFY_OURS,
0x00402220,game,,sub_402220,exact,,th10::leaf::Fn00402220,,src/DecomphelpLeafAccessors.cpp,100.00,8,LIB_FREE,
0x00402230,game,implemented,CreateTitleScreenStateEaxEcxStackAbi,unclassified,authored,,,,0.00,522,VERIFY_OURS,
0x00402440,game,implemented,DestroyTitleScreenStateBufferInPlace,unclassified,authored,,,,0.00,499,VERIFY_OURS,
0x00402640,game,implemented,CreateTitleScreenVmHostStackAbi,unclassified,authored,,,,0.00,151,VERIFY_OURS,
0x00402720,game,implemented,UpdateTitleBackgroundCalcBodyEaxAbi,unclassified,authored,,,,0.00,304,VERIFY_OURS,
0x00402850,game,implemented,RunTitleScreenDrawPass0StackAbi,unclassified,authored,,,,0.00,1099,VERIFY_OURS,
0x00402ca0,game,implemented,RunTitleScreenDrawPass1StackAbi,unclassified,authored,,,,0.00,929,VERIFY_OURS,
0x00403050,game,,sub_403050,,,,,,,,UNSOURCED,
0x00403060,game,,sub_403060,,,,,,,,UNSOURCED,
0x00403070,game,,sub_403070,,,,,,,,UNSOURCED,
0x00403090,game,implemented,CullAsciiSceneChild,unclassified,authored,,,,0.00,1984,VERIFY_OURS,
0x00403850,game,implemented,LoadTitleBackgroundScriptEbxStackAbi,unclassified,authored,,,,0.00,308,VERIFY_OURS,
0x00403990,game,implemented,CheckTitleScriptGroupLivenessEbxAbi,unclassified,authored,,,,0.00,154,VERIFY_OURS,
0x00403a30,game,implemented,RenderAsciiSceneChannel,unclassified,authored,,,,0.00,592,VERIFY_OURS,
0x00403c80,game,implemented,RunTitleBackgroundScriptStackAbi,unclassified,authored,,,,0.00,1806,VERIFY_OURS,
0x00404410,game,,sub_404410,exact,,th10::leaf::Fn00404410,,src/DecomphelpLeafAccessors.cpp,100.00,11,LIB_FREE,
0x00404450,game,implemented,InitializeTitleSecondaryStateStackAbi,unclassified,authored,,,,0.00,214,VERIFY_OURS,
0x00404530,game,implemented,TriggerTitleScoreAnim30EsiAbi,unclassified,authored,,,,0.00,119,VERIFY_OURS,
0x004045b0,game,implemented,TriggerTitleScoreAnim60EaxAbi,unclassified,authored,,,,0.00,92,VERIFY_OURS,
0x00404610,game,implemented,TickVec3Interpolator,unclassified,authored,AnmVmFloat3InterpolationView::Evaluate,AnmManager,src/AnmManager.cpp,0.00,887,VERIFY_OURS,
0x00404990,game,,sub_404990,,,,,,,,UNSOURCED,
0x004049a0,game,implemented,TickColorTrack,unclassified,authored,,,,0.00,688,VERIFY_OURS,
0x00404c50,game,,sub_404C50,,,,,,,,UNSOURCED,
0x00404c90,game,,sub_404C90,exact,,th10::leaf::Fn00404C90,,src/DecomphelpLeafAccessors.cpp,100.00,7,LIB_FREE,
0x00404ca0,,,,exact,,th10::leaf::Fn00404CA0,,src/DecomphelpLeafAccessors.cpp,100.00,56,LIB_FREE,
0x00404ce0,game,,sub_404CE0,exact,,th10::leaf::Fn00404CE0,,src/DecomphelpLeafAccessors.cpp,100.00,7,LIB_FREE,
0x00404d30,game,,sub_404D30,exact,,th10::leaf::Fn00404D30,,src/DecomphelpLeafAccessors.cpp,100.00,11,LIB_FREE,
0x00404d40,game,implemented,SubtractColorRecord6EsiAbi,unclassified,authored,,,,0.00,92,VERIFY_OURS,
0x00404da0,game,implemented,ScaleColorRecord6StackAbi,unclassified,authored,,,,0.00,101,VERIFY_OURS,
0x00404e10,game,implemented,AddColorRecord6EsiAbi,unclassified,authored,,,,0.00,92,VERIFY_OURS,
0x00404e90,,,,exact,,th10::leaf::LeafCompare00404E90View::Compare,AnmManager,src/DecomphelpLeafAccessors.cpp,100.00,15,LIB_FREE,
0x00404ec0,,,,exact,,th10::leaf::Fn00404EC0,AnmManager,src/DecomphelpLeafAccessors.cpp,100.00,4,LIB_FREE,
0x00404ed0,game,implemented,TickTimerForwardEsiAbi,unclassified,authored,,,,0.00,72,VERIFY_OURS,
0x00404f20,game,,sub_404F20,exact,,th10::leaf::Fn00404F20,,src/DecomphelpLeafAccessors.cpp,100.00,8,LIB_FREE,
0x00404f30,game,implemented,InitializePlayerMainVmEsiStackAbi,unclassified,authored,AnmVmView::InitializeForLoadedScript,AnmManager,src/AnmManager.cpp,0.00,202,VERIFY_OURS,
0x00405000,game,implemented,CopyFloat3ToOffset24EaxEcxAbi,,,,,,,,,
0x00405020,game,implemented,CopyFloat3ToOffset18EaxEcxAbi,,,,,,,,,
0x00405040,game,implemented,SetColorRecord6StackAbi,unclassified,authored,,,,0.00,94,VERIFY_OURS,
0x004050d0,game,implemented,ResetVec3InterpolatorTimer,exact,,th10::leaf::Fn004050D0,,src/DecomphelpLeafAccessors.cpp,100.00,50,VERIFY_OURS,
0x00405110,game,implemented,CopyFloat3ToOffset0cEaxEcxAbi,,,,,,,,,
0x00405130,game,implemented,CopyFloat3ToOffset00EaxEcxAbi,,,,,,,,,
0x00405150,game,,sub_405150,exact,,th10::leaf::Fn00405150,,src/DecomphelpLeafAccessors.cpp,100.00,4,LIB_FREE,
0x00405160,game,,sub_405160,exact,,th10::leaf::Fn00405160,,src/DecomphelpLeafAccessors.cpp,100.00,4,LIB_FREE,
0x00405170,game,implemented,SetEntityField40EaxStackAbi,,,,,,,,,
0x00405190,game,implemented,SetEntityField3cEaxStackAbi,,,,,,,,,
0x004051b0,game,,sub_4051B0,exact,,th10::leaf::Fn004051B0,,src/DecomphelpLeafAccessors.cpp,100.00,7,LIB_FREE,
0x004051c0,,,,exact,,th10::leaf::Fn004051C0,,src/DecomphelpLeafAccessors.cpp,100.00,14,LIB_FREE,
0x004052e0,game,implemented,RenderOwnerResetClearColorEaxAbi,,,,,,,,,
0x00405300,game,implemented,SelectMainChainDrawWork,unclassified,authored,,,,0.00,60,VERIFY_OURS,
0x00405340,game,implemented,RenderOwnerSetClearColorEcxEaxAbi,exact,,th10::leaf::Fn00405340,,src/DecomphelpLeafAccessors.cpp,100.00,17,VERIFY_OURS,
0x00405360,game,,sub_405360,exact,,th10::leaf::Fn00405360,,src/DecomphelpLeafAccessors.cpp,100.00,4,LIB_FREE,
0x00405370,game,,sub_405370,exact,,th10::leaf::LeafValueSetter00405370View::Set,,src/DecomphelpLeafAccessors.cpp,100.00,9,LIB_FREE,
0x00405380,,,,exact,,th10::leaf::Fn00405380,,src/DecomphelpLeafAccessors.cpp,100.00,3,LIB_FREE,
0x00405390,game,,sub_405390,exact,,th10::leaf::Fn00405390,,src/DecomphelpLeafAccessors.cpp,100.00,4,LIB_FREE,
0x004053a0,game,,sub_4053A0,exact,,th10::leaf::Fn004053A0,,src/DecomphelpLeafAccessors.cpp,100.00,7,LIB_FREE,
0x004053b0,game,implemented,SetFloat3StackAbi,,,,,,,,,
0x004053d0,game,,sub_4053D0,exact,,th10::leaf::Fn004053D0,,src/DecomphelpLeafAccessors.cpp,100.00,4,LIB_FREE,
0x004053e0,game,,nullsub_11,exact,,th10::leaf::Fn004053E0,,src/DecomphelpLeafAccessors.cpp,100.00,1,LIB_FREE,
0x004053f0,game,,nullsub_12,exact,,th10::leaf::Fn004053F0,,src/DecomphelpLeafAccessors.cpp,100.00,1,LIB_FREE,
0x00405400,game,,sub_405400,exact,,th10::leaf::LeafIdentity00405400View::Get,,src/DecomphelpLeafAccessors.cpp,100.00,3,LIB_FREE,
0x00405410,game,implemented,TickPlayerTimerEaxStackAbi,exact,authored,AnmVmTimerView::SetCurrent,AnmManager,src/AnmManager.cpp,100.00,57,ADOPT_EXACT,
0x00405490,,,,exact,,th10::leaf::Fn00405490,,src/DecomphelpLeafAccessors.cpp,100.00,4,LIB_FREE,
0x004054a0,game,,sub_4054A0,exact,,th10::leaf::Fn004054A0,,src/DecomphelpLeafAccessors.cpp,100.00,6,LIB_FREE,
0x004054b0,game,boundary,RunItemGetDigitAnimEdxEsiStackAbi,exact,authored,ItemPowerDisplayOwnerView::UpdatePowerDisplay,Gui,src/ItemManager.cpp,100.00,79,ADOPT_EXACT,
0x00405500,game,implemented,CleanupStageLifeFlags,unclassified,authored,,,,0.00,81,VERIFY_OURS,
0x00405560,game,,sub_405560,exact,,th10::leaf::Fn00405560,,src/DecomphelpLeafAccessors.cpp,100.00,10,LIB_FREE,
0x00405570,,,,exact,,th10::leaf::Fn00405570,,src/DecomphelpLeafAccessors.cpp,100.00,15,LIB_FREE,
0x00405580,game,,sub_405580,exact,,th10::leaf::Fn00405580,,src/DecomphelpLeafAccessors.cpp,100.00,7,LIB_FREE,
0x00405590,game,,sub_405590,exact,,th10::leaf::Fn00405590,,src/DecomphelpLeafAccessors.cpp,100.00,5,LIB_FREE,
0x004055c0,game,implemented,RegisterGameContextSchedulerRecordsEbxAbi,unclassified,authored,,,,0.00,84,VERIFY_OURS,
0x00405620,game,implemented,DestroyGameContextInPlace,unclassified,authored,,,,0.00,137,VERIFY_OURS,
0x004056b0,game,implemented,CreateGameContextObject,unclassified,authored,,,,0.00,85,VERIFY_OURS,
0x00405730,game,implemented,ReleaseGameContextEsiAbi,,,,,,,,,
0x00405750,game,implemented,UpdateSceneTriggerPopupEdiAbi,unclassified,authored,,,,0.00,223,VERIFY_OURS,
0x00405830,game,,sub_405830,,,,,,,,UNSOURCED,
0x00405840,game,,sub_405840,,,,,,,,UNSOURCED,
0x00405850,game,,sub_405850,exact,,th10::leaf::Fn00405850,,src/DecomphelpLeafAccessors.cpp,100.00,6,LIB_FREE,
0x00405860,game,implemented,TickRespawnDeathEffectStackAbi,unclassified,authored,,,,0.00,397,VERIFY_OURS,
0x004059f0,game,implemented,SelectBombDamageConstants,unclassified,authored,,,,0.00,202,VERIFY_OURS,
0x00405ac0,game,implemented,SubmitSceneTriggerPopupEntranceEsiAbi,unclassified,authored,,,,0.00,124,VERIFY_OURS,
0x00405b60,game,implemented,AddPowerValueEaxEcxAbi,exact,authored,GameScoreStateView::AddRank,ItemManager,src/ItemManager.cpp,100.00,42,ADOPT_EXACT,
0x00405b90,game,,sub_405B90,exact,,th10::leaf::Fn00405B90,,src/DecomphelpLeafAccessors.cpp,100.00,5,LIB_FREE,
0x00405ba0,,,,exact,,th10::leaf::Fn00405BA0,,src/DecomphelpLeafAccessors.cpp,100.00,4,LIB_FREE,
0x00405bb0,game,,sub_405BB0,exact,,th10::leaf::Fn00405BB0,,src/DecomphelpLeafAccessors.cpp,100.00,4,LIB_FREE,
0x00405bc0,game,,nullsub_13,exact,,th10::leaf::Fn00405BC0,,src/DecomphelpLeafAccessors.cpp,100.00,1,LIB_FREE,
0x00405bd0,thunk,,sub_405BD0,,,,,,,,LIB_FREE,
0x00405be0,game,implemented,ResetSceneTriggerFrameTimersEaxAbi,exact,authored,BulletRuntimeView::Deactivate,BulletManager,src/BulletManager.cpp,100.00,158,ADOPT_EXACT,
0x00405ca0,game,,sub_405CA0,exact,,th10::leaf::Fn00405CA0,,src/DecomphelpLeafAccessors.cpp,100.00,7,LIB_FREE,
0x00405cb0,game,,sub_405CB0,exact,,th10::leaf::Fn00405CB0,,src/DecomphelpLeafAccessors.cpp,100.00,8,LIB_FREE,
0x00405d00,game,implemented,InitSceneTriggerRecordEcxAbi,unclassified,,,,,0.00,215,VERIFY_OURS,
0x00405de0,game,implemented,DestroySceneTriggerRecordInPlaceEcxAbi,unclassified,,,,,0.00,34,VERIFY_OURS,
0x00405e10,game,,sub_405E10,exact,,th10::leaf::LeafFlag00405E10View::Clear,,src/DecomphelpLeafAccessors.cpp,100.00,7,LIB_FREE,
0x00405e20,game,implemented,LoadEffectManagerTriggerSectionEbxAbi,unclassified,authored,,,,0.00,163,VERIFY_OURS,
0x00405ed0,game,implemented,TeardownEffectManagerTriggerSectionEsiAbi,unclassified,authored,,,,0.00,45,VERIFY_OURS,
0x00405f70,game,implemented,DestroyEffectManagerRootInPlace,unclassified,authored,,,,0.00,236,VERIFY_OURS,
0x00406060,game,implemented,CreateEffectManagerRoot,unclassified,authored,,,,0.00,182,VERIFY_OURS,
0x00406140,game,implemented,ReleaseEffectManagerRootEsiAbi,,,,,,,,,
0x00406160,game,implemented,CheckRegionExitedPlayfield64EcxStackAbi,exact,authored,BulletPositionView::IsOutsidePlayfield,BulletManager,src/BulletManager.cpp,100.00,109,ADOPT_EXACT,
0x004061d0,game,implemented,CheckRegionExitedPlayfield0EcxStackAbi,exact,authored,BulletWrapPositionView::IsOutsidePlayfield,BulletManager,src/BulletManager.cpp,100.00,109,ADOPT_EXACT,
0x00406240,game,implemented,UpdateSceneTriggerObjectStackAbi,exact,authored,BulletUpdateRuntime,BulletManager,src/BulletRuntime.cpp,100.00,885,ADOPT_EXACT,
0x004065c0,game,implemented,BindEffectTriggerGroupsEcxEcxAbi,exact,authored,BulletManagerView::UpdateBullets,BulletManager,src/BulletManager.cpp,100.00,249,ADOPT_EXACT,
0x004066e0,game,implemented,TickEffectTriggerGroupEcxEaxAbi,unclassified,authored,,,,0.00,134,VERIFY_OURS,
0x00406770,game,implemented,EffectTriggerGroupCalcCallbackEcxEcxAbi,exact,authored,BulletManagerUpdateCallback,BulletManager,src/BulletManager.cpp,100.00,40,ADOPT_EXACT,
0x004067a0,game,implemented,EffectTriggerGroupDrawCallbackEcxEcxAbi,,,,,,,,,
0x004067d0,game,implemented,SpawnSceneTriggerFromDescriptorEbxStackAbi,unclassified,authored,BulletManagerView::SpawnSingleBullet,BulletManager,src/BulletManager.cpp,0.00,1413,VERIFY_OURS,
0x00406d90,game,implemented,RunSceneTriggerInstructionQueueEcxAbi,unclassified,authored,BulletRuntimeView::AdvanceTransformProgram,BulletManager,src/BulletTransform.cpp,0.00,1454,VERIFY_OURS,
0x004073e0,game,implemented,SceneTriggerAimAndSpreadInstructionEaxEcxEcxStackAbi,unclassified,authored,BulletManagerView::SpawnBulletPattern,BulletManager,src/BulletManager.cpp,0.00,194,VERIFY_OURS,
0x004074b0,game,implemented,UpdateSceneTriggerLaunchSlowdownEsiAbi,exact,authored,BulletRuntimeView::UpdateDeceleration,BulletManager,src/BulletManager.cpp,100.00,164,ADOPT_EXACT,
0x00407560,game,implemented,UpdateSceneTriggerAccelerationEsiAbi,unclassified,authored,BulletRuntimeView::UpdateVectorAcceleration,BulletManager,src/BulletManager.cpp,0.00,305,VERIFY_OURS,
0x004076a0,game,implemented,UpdateSceneTriggerAngleTurnEsiAbi,unclassified,authored,BulletRuntimeView::UpdatePolarAcceleration,BulletManager,src/BulletManager.cpp,0.00,209,VERIFY_OURS,
0x00407780,game,implemented,UpdateSceneTriggerSlowStopRelaunchEsiAbi,exact,authored,BulletRuntimeView::UpdateRelativeDirectionChange,BulletManager,src/BulletManager.cpp,100.00,338,ADOPT_EXACT,
0x004078e0,game,implemented,UpdateSceneTriggerSlowStopFixedAngleEsiAbi,unclassified,authored,BulletRuntimeView::UpdateAbsoluteDirectionChange,BulletManager,src/BulletManager.cpp,0.00,335,VERIFY_OURS,
0x00407a30,game,implemented,UpdateSceneTriggerSlowStopAimPlayerEsiAbi,exact,authored,BulletRuntimeView::UpdateAimedDirectionChange,BulletManager,src/BulletManager.cpp,100.00,431,ADOPT_EXACT,
0x00407be0,game,implemented,UpdateSceneTriggerWallBounceEsiAbi,exact,authored,BulletRuntimeView::UpdateBoundaryBounce,BulletManager,src/BulletManager.cpp,100.00,446,ADOPT_EXACT,
0x00407da0,game,implemented,WrapSceneTriggerRegionXEbxAbi,unclassified,authored,BulletRuntimeView::UpdateHorizontalWrap,BulletManager,src/BulletManager.cpp,0.00,148,VERIFY_OURS,
0x00407e40,game,implemented,WrapSceneTriggerRegionYEbxAbi,unclassified,authored,BulletRuntimeView::UpdateVerticalWrap,BulletManager,src/BulletManager.cpp,0.00,172,VERIFY_OURS,
0x00407ef0,game,implemented,UpdateSceneTriggerHomingTurnEsiAbi,exact,authored,BulletRuntimeView::UpdateState8,BulletManager,src/BulletManager.cpp,100.00,306,ADOPT_EXACT,
0x00408030,game,implemented,ActivateStageEnemyEsiAbi,unclassified,authored,EnemyCancelBulletRecord,BulletManager,src/EnemyEclDispatcher.cpp,0.00,199,VERIFY_OURS,
0x00408100,game,implemented,ScanIntroActivations,unclassified,authored,,,,0.00,260,VERIFY_OURS,
0x00408210,game,implemented,ClearStageRegionBulletsEbxStackAbi,unclassified,authored,,,,0.00,585,VERIFY_OURS,
0x004084a0,game,implemented,SumBulletCornerItemValueEcxEdiStackAbi,,,,,,,,,
0x00408660,game,implemented,AngleDifferenceWrappedStackAbi,exact,authored,BulletAngleDifference,BulletManager,src/BulletManager.cpp,100.00,80,ADOPT_EXACT,
0x004086b0,game,implemented,CheckStageEffectPositionInFieldEcxEcxStackAbi,exact,authored,EnemyBulletPositionView::IsOutsidePlayfield,Enemy,src/EnemyEclDispatcher.cpp,100.00,91,ADOPT_EXACT,
0x00408730,,,,exact,,th10::leaf::Fn00408730,,src/DecomphelpLeafAccessors.cpp,100.00,25,LIB_FREE,
0x00408750,game,implemented,SetPolarVelocityThisAbi,exact,authored,AnmOpcodeVectorView::FromAngleMagnitude,AnmManager,src/AnmManager.cpp,100.00,30,ADOPT_EXACT,
0x00408780,game,implemented,GetEntityRenderFlag2EaxAbi,exact,,th10::leaf::Fn00408780,,src/DecomphelpLeafAccessors.cpp,100.00,10,VERIFY_OURS,
0x00408790,game,implemented,GetEntityRenderFlag2Or0EaxAbi,exact,,th10::leaf::Fn00408790,,src/DecomphelpLeafAccessors.cpp,100.00,14,VERIFY_OURS,
0x004087a0,game,implemented,SetEntityRotationEaxStackAbi,,,,,,,,,
0x004087c0,game,implemented,GetEntityRenderFlag1EaxAbi,exact,,th10::leaf::Fn004087C0,,src/DecomphelpLeafAccessors.cpp,100.00,9,VERIFY_OURS,
0x004087d0,game,,sub_4087D0,exact,,th10::leaf::Fn004087D0,,src/DecomphelpLeafAccessors.cpp,100.00,8,LIB_FREE,
0x004087e0,,,,exact,,th10::leaf::Fn004087E0,,src/DecomphelpLeafAccessors.cpp,100.00,25,LIB_FREE,
0x00408800,game,,nullsub_14,exact,,th10::leaf::Fn00408800,,src/DecomphelpLeafAccessors.cpp,100.00,1,LIB_FREE,
0x00408810,game,,nullsub_15,exact,,th10::leaf::Fn00408810,,src/DecomphelpLeafAccessors.cpp,100.00,1,LIB_FREE,
0x00408820,game,,sub_408820,exact,,th10::leaf::Fn00408820,,src/DecomphelpLeafAccessors.cpp,100.00,6,LIB_FREE,
0x00408830,game,,sub_408830,exact,,th10::leaf::Fn00408830,,src/DecomphelpLeafAccessors.cpp,100.00,5,LIB_FREE,
0x00408840,game,,sub_408840,exact,,th10::leaf::Fn00408840,,src/DecomphelpLeafAccessors.cpp,100.00,8,LIB_FREE,
0x00408850,game,,sub_408850,exact,,th10::leaf::Fn00408850,,src/DecomphelpLeafAccessors.cpp,100.00,8,LIB_FREE,
0x00408860,,,,exact,,th10::leaf::Fn00408860,,src/DecomphelpLeafAccessors.cpp,100.00,21,LIB_FREE,
0x00408880,,,,exact,,th10::leaf::Fn00408880,,src/DecomphelpLeafAccessors.cpp,100.00,21,LIB_FREE,
0x004088a0,,,,exact,,th10::leaf::Fn004088A0,,src/DecomphelpLeafAccessors.cpp,100.00,11,LIB_FREE,
0x004088b0,game,,sub_4088B0,exact,,th10::leaf::Fn004088B0,,src/DecomphelpLeafAccessors.cpp,100.00,7,LIB_FREE,
0x004088c0,game,implemented,GetManagerDifficultyValue,unclassified,,,,,0.00,75,VERIFY_OURS,
0x00408910,game,implemented,InitSpellBulletManagerStackAbi,unclassified,,,,,0.00,176,VERIFY_OURS,
0x004089c0,game,implemented,RegisterSpellBulletSchedulerRecordsEbxAbi,unclassified,authored,,,,0.00,211,VERIFY_OURS,
0x00408aa0,game,,sub_408AA0,exact,,th10::leaf::Fn00408AA0,,src/DecomphelpLeafAccessors.cpp,100.00,3,LIB_FREE,
0x00408ab0,game,,sub_408AB0,exact,,th10::leaf::Fn00408AB0,,src/DecomphelpLeafAccessors.cpp,100.00,3,LIB_FREE,
0x00408af0,game,implemented,DestroySpellBulletBaseInPlace,unclassified,authored,,,,0.00,402,VERIFY_OURS,
0x00408c90,game,implemented,CreateSpellBulletManager,unclassified,authored,,,,0.00,136,VERIFY_OURS,
0x00408d60,game,implemented,UpdateSpellCardStoryStateEcxAbi,unclassified,authored,,,,0.00,1057,VERIFY_OURS,
0x004091c0,game,implemented,DispatchSpellBulletPoolsEbxAbi,unclassified,authored,,,,0.00,95,VERIFY_OURS,
0x00409230,game,implemented,DispatchSpellBulletPairEcxEcxAbi,exact,authored,AnmPairOwnerDrawCallback,AnmManager,src/AnmManager.cpp,100.00,50,ADOPT_EXACT,
0x00409270,game,,sub_409270,unclassified,,,,,0.00,10,LIB_FREE,
0x00409280,game,implemented,StartSpellCardPracticeEaxStackAbi,unclassified,authored,EnemyBeginSpell,Enemy,src/EnemyEclDispatcher.cpp,0.00,2432,VERIFY_OURS+BOUNDARY_MISMATCH,crt=2403 theirs=2432
0x00409c00,game,implemented,FinishSpellCardPracticeEaxAbi,unclassified,authored,,,,0.00,399,VERIFY_OURS,
0x00409d90,game,implemented,AddScoreBlockValueEcxStackAbi,exact,authored,GuiScoreView::Add,Gui,src/Gui.cpp,100.00,46,ADOPT_EXACT,
0x00409dc0,game,,sub_409DC0,exact,,th10::leaf::Fn00409DC0,,src/DecomphelpLeafAccessors.cpp,100.00,4,LIB_FREE,
0x00409dd0,game,,sub_409DD0,exact,,th10::leaf::Fn00409DD0,,src/DecomphelpLeafAccessors.cpp,100.00,4,LIB_FREE,
0x00409de0,game,,sub_409DE0,exact,,th10::leaf::Fn00409DE0,,src/DecomphelpLeafAccessors.cpp,100.00,7,LIB_FREE,
0x00409df0,game,,sub_409DF0,exact,,th10::leaf::Fn00409DF0,,src/DecomphelpLeafAccessors.cpp,100.00,7,LIB_FREE,
0x00409e10,game,implemented,ComputeTriplePlusIndexEcxEcxAbi,exact,,th10::leaf::Fn00409E10,,src/DecomphelpLeafAccessors.cpp,100.00,12,VERIFY_OURS,
0x00409e20,game,implemented,EnableManagerSchedulerRecordsEaxAbi,unclassified,authored,,,,0.00,28,VERIFY_OURS,
0x00409e40,game,,nullsub_16,exact,,th10::leaf::Fn00409E40,,src/DecomphelpLeafAccessors.cpp,100.00,1,LIB_FREE,
0x00409e50,game,implemented,ExpireEntityHandleEaxAbi,exact,authored,EnemyMarkPendingInterrupt,Enemy,src/EnemyEclDispatcher.cpp,100.00,65,ADOPT_EXACT,
0x00409ea0,game,,nullsub_17,exact,,th10::leaf::Fn00409EA0,,src/DecomphelpLeafAccessors.cpp,100.00,1,LIB_FREE,
0x00409eb0,game,implemented,ReleaseEclSelectMenuNamesEsiAbi,,,,,,,,,
0x00409f30,game,,sub_409F30,exact,,th10::leaf::Fn00409F30,,src/DecomphelpLeafAccessors.cpp,100.00,4,LIB_FREE,
0x00409f40,game,,sub_409F40,exact,,th10::leaf::Fn00409F40,,src/DecomphelpLeafAccessors.cpp,100.00,10,LIB_FREE,
0x00409f60,game,,sub_409F60,exact,,th10::leaf::Fn00409F60,,src/DecomphelpLeafAccessors.cpp,100.00,4,LIB_FREE,
0x00409f70,game,,sub_409F70,exact,,th10::leaf::Fn00409F70,,src/DecomphelpLeafAccessors.cpp,100.00,7,LIB_FREE,
0x00409f80,game,,sub_409F80,exact,,th10::leaf::Fn00409F80,,src/DecomphelpLeafAccessors.cpp,100.00,4,LIB_FREE,
0x00409f90,game,implemented,ReleaseAsciiHudConditionalState,unclassified,authored,,,,0.00,118,VERIFY_OURS,
0x0040a010,game,implemented,EnableOptionRecordsAndRebuildEaxAbi,,,,,,,,,
0x0040a040,game,implemented,InitStageHostObjectEdxAbi,,,,,,,,,
0x0040a130,game,implemented,RegisterStageHostSchedulerRecordsEbxAbi,,,,,,,,,
0x0040a1a0,game,implemented,DestroyStageHostObjectStackAbi,,,,,,,,,
0x0040a350,game,implemented,EnterGameModeSetupEsiAbi,,,,,,,,,
0x0040a3c0,game,implemented,CreateStageHostObject,,,,,,,,,
0x0040a450,game,implemented,UpdateEclSelectMenuStackAbi,,,,,,,,,
0x0040a940,game,implemented,DrawSpriteViewOverlayTextEdiAbi,unclassified,authored,,,,0.00,647,VERIFY_OURS,
0x0040abe0,game,,sub_40ABE0,,,,,,,,UNSOURCED,
0x0040abf0,game,,sub_40ABF0,,,,,,,,UNSOURCED,
0x0040ac00,game,,sub_40AC00,exact,,th10::leaf::Fn0040AC00,,src/DecomphelpLeafAccessors.cpp,100.00,3,LIB_FREE,
0x0040ac10,game,,sub_40AC10,exact,,th10::leaf::Fn0040AC10,,src/DecomphelpLeafAccessors.cpp,100.00,7,LIB_FREE,
0x0040ac20,game,implemented,AdvanceInputBankTriggersEcxAbi,unclassified,authored,,,,0.00,109,VERIFY_OURS,
0x0040ac90,game,implemented,RequestGameStateTransitionEaxStackAbi,exact,authored,MainSupervisorView::SetNextGameMode,Main,src/Main.cpp,100.00,37,ADOPT_EXACT,
0x0040acc0,,,,exact,,th10::leaf::Fn0040ACC0,,src/DecomphelpLeafAccessors.cpp,100.00,7,LIB_FREE,
0x0040acd0,,,,exact,,th10::leaf::Fn0040ACD0,,src/DecomphelpLeafAccessors.cpp,100.00,7,LIB_FREE,
0x0040ace0,game,implemented,PollMenuInputState,exact,authored,FrontEndInputView::IsRepeated,FrontEnd,src/FrontEnd.cpp,100.00,33,ADOPT_EXACT,
0x0040ad10,game,,sub_40AD10,exact,,th10::leaf::Fn0040AD10,,src/DecomphelpLeafAccessors.cpp,100.00,6,LIB_FREE,
0x0040ad20,game,implemented,Call40AD20,exact,authored,FrontEndCursorSetCurrent,FrontEnd,src/FrontEnd.cpp,100.00,33,ADOPT_EXACT,
0x0040ad50,game,,sub_40AD50,exact,,th10::leaf::Fn0040AD50,,src/DecomphelpLeafAccessors.cpp,100.00,7,LIB_FREE,
0x0040ad80,game,,sub_40AD80,exact,,th10::leaf::Fn0040AD80,,src/DecomphelpLeafAccessors.cpp,100.00,4,LIB_FREE,
0x0040ad90,game,,sub_40AD90,exact,,th10::leaf::Fn0040AD90,,src/DecomphelpLeafAccessors.cpp,100.00,3,LIB_FREE,
0x0040ada0,game,implemented,SelectStageConfigTableEcxEaxAbi,exact,,th10::leaf::Fn0040ADA0,,src/DecomphelpLeafAccessors.cpp,100.00,25,VERIFY_OURS,
0x0040adc0,game,,nullsub_18,exact,,th10::leaf::Fn0040ADC0,,src/DecomphelpLeafAccessors.cpp,100.00,1,LIB_FREE,
0x0040add0,game,implemented,ResetStageHostSubrecordDefaultsEaxAbi,exact,,th10::leaf::Fn0040ADD0,,src/DecomphelpLeafAccessors.cpp,100.00,34,VERIFY_OURS,
0x0040ae20,game,,sub_40AE20,,,,,,,,UNSOURCED,
0x0040ae30,game,,sub_40AE30,exact,,th10::leaf::Fn0040AE30,,src/DecomphelpLeafAccessors.cpp,100.00,3,LIB_FREE,
0x0040ae40,game,,sub_40AE40,exact,,th10::leaf::Fn0040AE40,,src/DecomphelpLeafAccessors.cpp,100.00,4,LIB_FREE,
0x0040ae50,game,implemented,InitMainChainObject6fcEaxAbi,,,,,,,,,
0x0040ae70,game,implemented,RegisterMainChainObject6fcRecordsEbxAbi,unclassified,authored,,,,0.00,134,VERIFY_OURS,
0x0040af00,game,implemented,DestroyMainChainObject6fcInPlaceEaxAbi,unclassified,authored,,,,0.00,137,VERIFY_OURS,
0x0040af90,game,implemented,CreateMainChainObject6fc,unclassified,authored,,,,0.00,86,VERIFY_OURS,
0x0040b030,game,,sub_40B030,exact,,th10::leaf::Fn0040B030,,src/DecomphelpLeafAccessors.cpp,100.00,6,LIB_FREE,
0x0040b040,game,,sub_40B040,exact,,th10::leaf::Fn0040B040,,src/DecomphelpLeafAccessors.cpp,100.00,6,LIB_FREE,
0x0040b050,game,,sub_40B050,exact,,th10::leaf::Fn0040B050,,src/DecomphelpLeafAccessors.cpp,100.00,6,LIB_FREE,
0x0040b060,game,,sub_40B060,exact,,th10::leaf::Fn0040B060,,src/DecomphelpLeafAccessors.cpp,100.00,6,LIB_FREE,
0x0040b070,game,implemented,SpawnPresetSceneObjectFromTableEaxStackAbi,,,,,,,,,
0x0040b110,game,implemented,SpawnPresetSceneObjectFromTableAltEaxStackAbi,unclassified,authored,,,,0.00,148,VERIFY_OURS,
0x0040b1b0,game,implemented,SpawnPresetSceneObjectByHandleStackAbi,,,,,,,,,
0x0040b250,game,implemented,StoreScriptObjectInsnBlockEcxEcxAbi,unclassified,,,,,0.00,60,VERIFY_OURS,
0x0040b290,game,,nullsub_19,exact,,th10::leaf::Fn0040B290,,src/DecomphelpLeafAccessors.cpp,100.00,1,LIB_FREE,
0x0040b310,game,,sub_40B310,exact,,th10::leaf::Fn0040B310,,src/DecomphelpLeafAccessors.cpp,100.00,3,LIB_FREE,
0x0040b370,game,implemented,CopyFloat3ToOffset340EaxEcxAbi,,,,,,,,,
0x0040b390,game,,nullsub_20,exact,,th10::leaf::Fn0040B390,,src/DecomphelpLeafAccessors.cpp,100.00,1,LIB_FREE,
0x0040b3a0,game,implemented,ReleaseScriptObjectEntityBindingsEaxAbi,unclassified,authored,,,,0.00,192,VERIFY_OURS,
0x0040b460,game,implemented,GetTimelineInnerFlag1EaxAbi,,,,,,,,,
0x0040b470,game,implemented,GetTimelineInnerFlag2EaxAbi,exact,,th10::leaf::Fn0040B470,,src/DecomphelpLeafAccessors.cpp,100.00,10,VERIFY_OURS,
0x0040b480,game,implemented,LoadTimelineStream,unclassified,authored,,,,0.00,106,VERIFY_OURS,
0x0040b4f0,game,,sub_40B4F0,,,,,,,,UNSOURCED,
0x0040b500,game,,sub_40B500,exact,,th10::leaf::Fn0040B500,,src/DecomphelpLeafAccessors.cpp,100.00,7,LIB_FREE,
0x0040b510,game,implemented,GetTimelineGateFlag1EaxAbi,exact,,th10::leaf::Fn0040B510,,src/DecomphelpLeafAccessors.cpp,100.00,9,VERIFY_OURS,
0x0040b520,game,,sub_40B520,exact,,th10::leaf::Fn0040B520,,src/DecomphelpLeafAccessors.cpp,100.00,6,LIB_FREE,
0x0040b530,game,implemented,InitTimelineGateStateEaxAbi,,,,,,,,,
0x0040b560,game,implemented,InitializeTimelineGateState,unclassified,authored,,,,0.00,584,VERIFY_OURS,
0x0040b7b0,game,implemented,DestroyTimelineGateState,unclassified,authored,,,,0.00,362,VERIFY_OURS,
0x0040b940,game,implemented,CreateTransitionObject,unclassified,authored,,,,0.00,99,VERIFY_OURS,
0x0040b9d0,game,implemented,DestroyTimelineGateStateObject,unclassified,,,,,0.00,18,VERIFY_OURS,
0x0040b9f0,game,implemented,PollTimelineGateAutoAdvanceEdiAbi,unclassified,authored,,,,0.00,111,VERIFY_OURS,
0x0040ba60,game,,sub_40BA60,,,,,,,,UNSOURCED,
0x0040ba70,game,implemented,TimelineGateCalculationCallback,,,,,,,,,
0x0040ba80,game,implemented,TimelineGateDrawCallback,exact,,th10::leaf::Fn0040BA80,,src/DecomphelpLeafAccessors.cpp,100.00,6,VERIFY_OURS,
0x0040ba90,game,implemented,InitializeInnerTimelineState,unclassified,authored,,,,0.00,648,VERIFY_OURS,
0x0040bd20,game,implemented,AdvanceTimelineRecordController,unclassified,authored,,,,0.00,93,VERIFY_OURS,
0x0040bd80,game,implemented,ExecuteTimelineRecords,unclassified,authored,,,,0.00,1494,VERIFY_OURS,
0x0040c3a0,,implemented,TimelineContinuationThreadEntry,,,,,,,,,
0x0040c3c0,game,implemented,RunTimelineContinuationBody,unclassified,authored,,,,0.00,126,VERIFY_OURS,
0x0040c460,game,,sub_40C460,exact,,th10::leaf::Fn0040C460,Enemy,src/DecomphelpLeafAccessors.cpp,100.00,3,LIB_FREE,
0x0040c480,game,implemented,SetPlayerShotEntityHitState,unclassified,authored,,,,0.00,65,VERIFY_OURS,
0x0040c4d0,game,implemented,FireEntityHandleEaxAbi,unclassified,authored,,,,0.00,65,VERIFY_OURS,
0x0040c520,game,,sub_40C520,exact,,th10::leaf::Fn0040C520,Enemy,src/DecomphelpLeafAccessors.cpp,100.00,4,LIB_FREE,
0x0040c530,,,,exact,,th10::leaf::Fn0040C530,,src/DecomphelpLeafAccessors.cpp,100.00,6,LIB_FREE,
0x0040c540,game,implemented,StartTimelineContinuation,exact,authored,AsciiManagerView::EnsureSelectionVm,FrontEnd,src/FrontEnd.cpp,100.00,75,ADOPT_EXACT,
0x0040c5a0,game,,nullsub_21,,,,,,,,UNSOURCED,
0x0040c5b0,game,,sub_40C5B0,exact,,th10::leaf::Fn0040C5B0,Enemy,src/DecomphelpLeafAccessors.cpp,100.00,4,LIB_FREE,
0x0040c5c0,game,,sub_40C5C0,exact,,th10::leaf::Fn0040C5C0,Enemy,src/DecomphelpLeafAccessors.cpp,100.00,4,LIB_FREE,
0x0040c5d0,game,implemented,ClearViewerPauseFlagsEaxAbi,exact,,th10::leaf::Fn0040C5D0,Enemy,src/DecomphelpLeafAccessors.cpp,100.00,15,VERIFY_OURS,
0x0040c5e0,game,,sub_40C5E0,exact,authored,EnemyEclHostBaseView::DispatchEclInstruction,Enemy,src/Enemy.cpp,100.00,3,IMPORT_EXACT,
0x0040c650,game,,sub_40C650,,,,,,,,UNSOURCED,
0x0040c660,game,,sub_40C660,,,,,,,,UNSOURCED,
0x0040c680,game,,sub_40C680,,,,,,,,UNSOURCED,
0x0040c690,game,,sub_40C690,exact,authored,EnemyEclHostBaseView::ReadIntOperand,Enemy,src/Enemy.cpp,100.00,5,IMPORT_EXACT,
0x0040c6a0,game,,sub_40C6A0,exact,authored,EnemyEclHostBaseView::ResolveIntOperand,Enemy,src/Enemy.cpp,100.00,5,IMPORT_EXACT,
0x0040c6b0,game,,sub_40C6B0,exact,authored,EnemyEclHostBaseView::ReadFloatOperand,Enemy,src/Enemy.cpp,100.00,9,IMPORT_EXACT,
0x0040c6c0,game,,sub_40C6C0,exact,authored,EnemyEclHostBaseView::ResolveFloatOperand,Enemy,src/Enemy.cpp,100.00,5,IMPORT_EXACT,
0x0040c6e0,game,implemented,FreeViewerDeferredListEaxAbi,exact,authored,EnemyEclHostBaseView::ReleaseEclAllocations,Enemy,src/Enemy.cpp,100.00,45,ADOPT_EXACT,
0x0040c710,game,implemented,InitViewerHeaderEaxAbi,exact,authored,EnemyEclHostBaseView::EnemyEclHostBaseView,Enemy,src/Enemy.cpp,100.00,21,ADOPT_EXACT,
0x0040c730,game,implemented,InitViewerListsEaxAbi,exact,authored,EnemyEclHostBaseView::ResetEclState,Enemy,src/Enemy.cpp,100.00,71,ADOPT_EXACT,
0x0040c780,,,,exact,authored,EnemyEclHostBaseView::~EnemyEclHostBaseView,Enemy,src/Enemy.cpp,100.00,47,IMPORT_EXACT,
0x0040c7b0,game,implemented,DestroyViewerEcxEcxAbi,excluded,compiler,,Enemy,,0.00,71,CONFLICT_EXCLUDED,
0x0040c800,game,implemented,ClearViewerTickFlagsEaxAbi,exact,authored,EnemyEclContextView::EnemyEclContextView,Enemy,src/Enemy.cpp,100.00,15,ADOPT_EXACT,
0x0040c810,game,,sub_40C810,exact,authored,EnemyEclResourceBaseView::LoadPackage,Enemy,src/Enemy.cpp,100.00,5,IMPORT_EXACT,
0x0040c820,game,,sub_40C820,exact,authored,EnemyEclResourceBaseView::GetScriptData,Enemy,src/Enemy.cpp,100.00,5,IMPORT_EXACT,
0x0040c830,,,,exact,authored,EnemyEclResourceBaseView::EnemyEclResourceBaseView,Enemy,src/Enemy.cpp,100.00,34,IMPORT_EXACT,
0x0040c860,,,,exact,authored,EnemyEclResourceBaseView::~EnemyEclResourceBaseView,Enemy,src/Enemy.cpp,100.00,36,IMPORT_EXACT,
0x0040c890,game,,sub_40C890,exact,,th10::leaf::Fn0040C890,Enemy,src/DecomphelpLeafAccessors.cpp,100.00,3,LIB_FREE,
0x0040c8a0,game,,sub_40C8A0,exact,,th10::leaf::Fn0040C8A0,Enemy,src/DecomphelpLeafAccessors.cpp,100.00,3,LIB_FREE,
0x0040c8b0,game,,sub_40C8B0,exact,,th10::leaf::Fn0040C8B0,Enemy,src/DecomphelpLeafAccessors.cpp,100.00,3,LIB_FREE,
0x0040c8c0,game,,sub_40C8C0,exact,,th10::leaf::Fn0040C8C0,Enemy,src/DecomphelpLeafAccessors.cpp,100.00,3,LIB_FREE,
0x0040c8d0,game,,sub_40C8D0,exact,,th10::leaf::Fn0040C8D0,Enemy,src/DecomphelpLeafAccessors.cpp,100.00,4,LIB_FREE,
0x0040c8e0,game,,sub_40C8E0,exact,,th10::leaf::Fn0040C8E0,Enemy,src/DecomphelpLeafAccessors.cpp,100.00,4,LIB_FREE,
0x0040c8f0,game,,sub_40C8F0,exact,,th10::leaf::Fn0040C8F0,Enemy,src/DecomphelpLeafAccessors.cpp,100.00,4,LIB_FREE,
0x0040c900,game,,sub_40C900,exact,,th10::leaf::Fn0040C900,Enemy,src/DecomphelpLeafAccessors.cpp,100.00,4,LIB_FREE,
0x0040c910,game,,sub_40C910,exact,,th10::leaf::Fn0040C910,Enemy,src/DecomphelpLeafAccessors.cpp,100.00,3,LIB_FREE,
0x0040c920,game,implemented,SubtractCounterEcxEaxAbi,,,,,,,,,
0x0040c930,,,,exact,,th10::leaf::Fn0040C930,,src/DecomphelpLeafAccessors.cpp,100.00,10,LIB_FREE,
0x0040c940,game,implemented,ZeroFloat3EaxAbi,exact,,th10::leaf::Fn0040C940,Enemy,src/DecomphelpLeafAccessors.cpp,100.00,11,VERIFY_OURS,
0x0040c950,game,,sub_40C950,exact,,th10::leaf::Fn0040C950,Enemy,src/DecomphelpLeafAccessors.cpp,100.00,4,LIB_FREE,
0x0040c960,game,implemented,SetEntityScalePairEaxStackAbi,,,,,,,,,
0x0040c980,game,,sub_40C980,exact,,th10::leaf::Fn0040C980,Enemy,src/DecomphelpLeafAccessors.cpp,100.00,3,LIB_FREE,
0x0040c990,game,,sub_40C990,exact,,th10::leaf::Fn0040C990,Enemy,src/DecomphelpLeafAccessors.cpp,100.00,3,LIB_FREE,
0x0040c9a0,game,implemented,FlushEnemyDeathDropEaxEdiAbi,unclassified,authored,EnemyDropItemCounts,Enemy,src/EnemyEclDispatcher.cpp,0.00,48,VERIFY_OURS,
0x0040c9d0,game,implemented,SpawnEnemyDeathScatterEsiStackAbi,unclassified,authored,EnemyDropItemCountsCore,Enemy,src/EnemyEclDispatcher.cpp,0.00,503,VERIFY_OURS,
0x0040cc10,game,,sub_40CC10,exact,,th10::leaf::Fn0040CC10,Enemy,src/Enemy.cpp,100.00,4,LIB_FREE,
0x0040cc20,game,,sub_40CC20,exact,,th10::leaf::Fn0040CC20,Enemy,src/Enemy.cpp,100.00,6,LIB_FREE,
0x0040cc30,game,,sub_40CC30,exact,,th10::leaf::Fn0040CC30,Enemy,src/Enemy.cpp,100.00,6,LIB_FREE,
0x0040cc40,game,,sub_40CC40,exact,,th10::leaf::Fn0040CC40,Enemy,src/DecomphelpLeafAccessors.cpp,100.00,7,LIB_FREE,
0x0040cc50,game,implemented,ReleaseEclScriptObjectDeletingEcxStackAbi,excluded,compiler,,Enemy,,0.00,31,CONFLICT_EXCLUDED,
0x0040cc70,game,implemented,ResetEclSubObjectFlags,exact,authored,EnemyRuntimeView::EnemyRuntimeView,Enemy,src/Enemy.cpp,100.00,145,ADOPT_EXACT,
0x0040cd10,game,,sub_40CD10,exact,,th10::leaf::Fn0040CD10,Enemy,src/DecomphelpLeafAccessors.cpp,100.00,5,LIB_FREE,
0x0040cd20,game,implemented,LoadScriptFileAndRegisterNamesEcxEcxAbi,unclassified,authored,EnemyEclResourceView::LoadFile,Enemy,src/Enemy.cpp,0.00,95,VERIFY_OURS,
0x0040cd80,game,,sub_40CD80,,,,,,,,UNSOURCED,
0x0040cd90,game,,sub_40CD90,exact,,th10::leaf::Fn0040CD90,Enemy,src/DecomphelpLeafAccessors.cpp,100.00,5,LIB_FREE,
0x0040cda0,game,,sub_40CDA0,exact,,th10::leaf::Fn0040CDA0,Enemy,src/DecomphelpLeafAccessors.cpp,100.00,7,LIB_FREE,
0x0040cdb0,game,,sub_40CDB0,exact,,th10::leaf::Fn0040CDB0,Enemy,src/DecomphelpLeafAccessors.cpp,100.00,7,LIB_FREE,
0x0040cde0,game,,sub_40CDE0,exact,,th10::leaf::Fn0040CDE0,Enemy,src/DecomphelpLeafAccessors.cpp,100.00,8,LIB_FREE,
0x0040cdf0,game,,sub_40CDF0,exact,,th10::leaf::Fn0040CDF0,Enemy,src/DecomphelpLeafAccessors.cpp,100.00,4,LIB_FREE,
0x0040ce00,game,,sub_40CE00,exact,,th10::leaf::Fn0040CE00,Enemy,src/DecomphelpLeafAccessors.cpp,100.00,7,LIB_FREE,
0x0040ce30,,,,exact,,th10::leaf::Fn0040CE30,,src/DecomphelpLeafAccessors.cpp,100.00,14,LIB_FREE,
0x0040ce40,game,,sub_40CE40,exact,,th10::leaf::Fn0040CE40,Enemy,src/DecomphelpLeafAccessors.cpp,100.00,10,LIB_FREE,
0x0040ce70,game,,sub_40CE70,exact,,th10::leaf::Fn0040CE70,Enemy,src/DecomphelpLeafAccessors.cpp,100.00,6,LIB_FREE,
0x0040ce80,,,,exact,,th10::leaf::Fn0040CE80,,src/DecomphelpLeafAccessors.cpp,100.00,11,LIB_FREE,
0x0040ce90,game,,sub_40CE90,exact,,th10::leaf::Fn0040CE90,Enemy,src/DecomphelpLeafAccessors.cpp,100.00,8,LIB_FREE,
0x0040cea0,game,implemented,ReleaseSpellBulletTutorialHandleEsiAbi,exact,authored,EnemyEnableBombShield,Enemy,src/EnemyEclDispatcher.cpp,100.00,36,ADOPT_EXACT,
0x0040ced0,game,implemented,GetSpellBulletStoryFlag3EaxAbi,exact,,th10::leaf::Fn0040CED0,Enemy,src/DecomphelpLeafAccessors.cpp,100.00,13,VERIFY_OURS,
0x0040cee0,game,implemented,CopyFloat3ToOffset24SecondEaxEcxAbi,,,,,,,,,
0x0040cf00,game,,sub_40CF00,exact,,th10::leaf::LeafValueSetter0040CF00View::Set,,src/DecomphelpLeafAccessors.cpp,100.00,10,LIB_FREE,
0x0040cf10,game,,sub_40CF10,exact,,th10::leaf::LeafValueSetter0040CF10View::Set,,src/DecomphelpLeafAccessors.cpp,100.00,10,LIB_FREE,
0x0040cf20,game,,sub_40CF20,exact,,th10::leaf::LeafValueSetter0040CF20View::Set,,src/DecomphelpLeafAccessors.cpp,100.00,10,LIB_FREE,
0x0040cf30,,,,exact,,th10::leaf::Fn0040CF30,,src/DecomphelpLeafAccessors.cpp,100.00,16,LIB_FREE,
0x0040cf40,game,implemented,InitInstructionTargetRecordEdxAbi,exact,,th10::leaf::Fn0040CF40,,src/DecomphelpLeafAccessors.cpp,100.00,23,VERIFY_OURS,
0x0040cf60,game,implemented,CopyFloat3ToOffset430EaxEcxAbi,exact,,EnemySetLaserPosition,Enemy,src/EnemyEclDispatcher.cpp,100.00,23,VERIFY_OURS,
0x0040cf80,game,,sub_40CF80,exact,,th10::leaf::LeafValueSetter0040CF80View::Set,,src/DecomphelpLeafAccessors.cpp,100.00,13,LIB_FREE,
0x0040cf90,game,implemented,FindScriptObjectByUniqueIdEcxEaxAbi,exact,,EnemyFindLaser,Enemy,src/EnemyEclDispatcher.cpp,100.00,22,VERIFY_OURS,
0x0040cfb0,game,implemented,CreateEclScriptObjectEaxStackAbi,exact,authored,EnemySpawn,Enemy,src/Enemy.cpp,100.00,577,ADOPT_EXACT+BOUNDARY_MISMATCH,crt=501 theirs=577
0x0040d260,,,,exact,authored,EnemyManagerView::EnemyManagerView,Enemy,src/Enemy.cpp,100.00,29,IMPORT_EXACT,
0x0040d280,game,implemented,InitializeConditionalStateSubrecordsEbxStackAbi,unclassified,authored,EnemyManagerView::Initialize,Enemy,src/Enemy.cpp,0.00,334,VERIFY_OURS,
0x0040d3d0,,,,exact,authored,EnemyEclResourceView::EnemyEclResourceView,Enemy,src/Enemy.cpp,100.00,34,IMPORT_EXACT,
0x0040d400,game,implemented,ParseAnimSectionStackAbi,exact,authored,EnemyEclResourceView::LoadPackage,Enemy,src/Enemy.cpp,100.00,239,ADOPT_EXACT,
0x0040d4f0,game,,sub_40D4F0,exact,,th10::leaf::Fn0040D4F0,Enemy,src/DecomphelpLeafAccessors.cpp,100.00,3,LIB_FREE,
0x0040d500,game,,sub_40D500,exact,,th10::leaf::Fn0040D500,Enemy,src/DecomphelpLeafAccessors.cpp,100.00,3,LIB_FREE,
0x0040d510,game,implemented,EnableAsciiHudConditionalRecordsEaxAbi,,,,,,,,,
0x0040d530,game,implemented,DestroyAsciiHudConditionalStateEax,unclassified,authored,EnemyManagerView::~EnemyManagerView,Enemy,src/Enemy.cpp,0.00,300,VERIFY_OURS,
0x0040d660,,,,excluded,compiler,,Enemy,,0.00,30,LIB_FREE,
0x0040d680,game,implemented,DestroyConditionalStateBufferEsiAbi,exact,authored,EnemyEclResourceView::~EnemyEclResourceView,Enemy,src/Enemy.cpp,100.00,36,ADOPT_EXACT,
0x0040d6b0,game,implemented,CreateStageConditionalStateStackAbi,unclassified,authored,EnemyManagerCreate,Enemy,src/Enemy.cpp,0.00,95,VERIFY_OURS,
0x0040d710,,,,excluded,compiler,,Enemy,,0.00,28,LIB_FREE,
0x0040d730,game,implemented,ReleaseAsciiHudConditionalStateEsiAbi,,,,,,,,,
0x0040d750,game,implemented,TickConditionalStateRecordsFastAbi,exact,authored,EnemyManagerUpdate,Enemy,src/Enemy.cpp,100.00,166,ADOPT_EXACT,
0x0040d800,game,,sub_40D800,exact,,th10::leaf::Fn0040D800,Enemy,src/DecomphelpLeafAccessors.cpp,100.00,6,LIB_FREE,
0x0040d810,game,,sub_40D810,exact,authored,EnemyManagerUpdateCallback,Enemy,src/Enemy.cpp,100.00,10,IMPORT_EXACT,
0x0040d820,game,,sub_40D820,exact,authored,EnemyManagerDrawCallback,Enemy,src/Enemy.cpp,100.00,6,IMPORT_EXACT,
0x0040d830,game,implemented,ConstructEclScriptObjectEsiStackAbi,unclassified,authored,EnemyFullObjectView::EnemyFullObjectView,Enemy,src/Enemy.cpp,0.00,673,VERIFY_OURS,
0x0040dae0,game,implemented,DestroyEclScriptObjectInPlaceStackAbi,unclassified,authored,EnemyFullObjectView::~EnemyFullObjectView,Enemy,src/Enemy.cpp,0.00,386,VERIFY_OURS,
0x0040dc80,game,implemented,RunEclScriptSetupStackAbi,unclassified,authored,EnemyRuntimeUpdate,Enemy,src/Enemy.cpp,0.00,2412,VERIFY_OURS,
0x0040e5f0,game,implemented,TriggerEnemyDeathSequenceStdcallAbi,unclassified,authored,EnemyFinalizeDeath,Enemy,src/Enemy.cpp,0.00,162,VERIFY_OURS,
0x0040e6a0,game,implemented,TickEffectSpawnWaitListEbpStackAbi,unclassified,authored,,,,0.00,182,VERIFY_OURS,
0x0040e760,,,,exact,authored,EnemyFullObjectView::DispatchEclInstruction,Enemy,src/Enemy.cpp,100.00,11,IMPORT_EXACT,
0x0040e770,,,,unclassified,authored,EnemyRuntimeView::DispatchEclInstruction,Enemy,src/EnemyEclDispatcher.cpp,0.00,14416,THEIR_DRAFT_ONLY,
0x00411fc0,,,,unclassified,authored,EnemyFullObjectView::ReadIntOperand,Enemy,src/Enemy.cpp,0.00,820,THEIR_DRAFT_ONLY,
0x00412300,,,,exact,authored,EnemyFullObjectView::ResolveIntOperand,Enemy,src/Enemy.cpp,100.00,80,IMPORT_EXACT,
0x00412350,,,,unclassified,authored,EnemyFullObjectView::ReadFloatOperand,Enemy,src/Enemy.cpp,0.00,884,THEIR_DRAFT_ONLY,
0x004126d0,,,,exact,authored,EnemyFullObjectView::ResolveFloatOperand,Enemy,src/Enemy.cpp,100.00,80,IMPORT_EXACT,
0x00412720,game,,sub_412720,exact,,EnemyConfigureInterrupt,Enemy,src/EnemyEclDispatcher.cpp,100.00,48,LIB_FREE,
0x00412790,game,implemented,StoreIndexedDword0x10StrideEaxEcxEdxAbi,exact,,th10::leaf::Fn00412790,Enemy,src/DecomphelpLeafAccessors.cpp,100.00,12,VERIFY_OURS,
0x004127a0,game,implemented,AcquireScriptNameRequestThisAbi,unclassified,authored,EnemyResolveRuntimeCallback,Enemy,src/EnemyCallback.cpp,0.00,593,VERIFY_OURS,
0x00412a00,game,,sub_412A00,unclassified,,EnemyRuntimeView::ReadIntArgument,Enemy,src/EnemyEclDispatcher.cpp,0.00,16,LIB_FREE,
0x00412a10,game,implemented,ResolveEntitySlotPointerEaxEcxAbi,exact,authored,EnemyRuntimeView::ResolveIntArgument,Enemy,src/EnemyEclDispatcher.cpp,100.00,75,ADOPT_EXACT,
0x00412a60,game,,sub_412A60,unclassified,,,,,0.00,14,LIB_FREE,
0x00412a70,game,,sub_412A70,unclassified,,,,,0.00,14,LIB_FREE,
0x00412a80,,,,unclassified,,,,,0.00,17,LIB_FREE,
0x00412aa0,game,,sub_412AA0,unclassified,,,,,0.00,26,LIB_FREE,
0x00412ac0,game,implemented,TickVec2AnimInterpolator,unclassified,authored,,,,0.00,652,VERIFY_OURS,
0x00412d50,game,,sub_412D50,exact,,th10::leaf::Fn00412D50,Enemy,src/DecomphelpLeafAccessors.cpp,100.00,4,LIB_FREE,
0x00412d60,game,implemented,CopyVec2PairToSlotBaseEaxEcxAbi,exact,,th10::leaf::Fn00412D60,,src/DecomphelpLeafAccessors.cpp,100.00,11,VERIFY_OURS,
0x00412d70,game,implemented,CopyVec2PairToSlot8EaxEcxAbi,exact,,th10::leaf::Fn00412D70,,src/DecomphelpLeafAccessors.cpp,100.00,12,VERIFY_OURS,
0x00412d80,game,implemented,CopyVec2PairToSlot10EaxEcxAbi,exact,,th10::leaf::Fn00412D80,,src/DecomphelpLeafAccessors.cpp,100.00,12,VERIFY_OURS,
0x00412d90,game,implemented,CopyVec2PairToSlot18EaxEcxAbi,exact,,th10::leaf::Fn00412D90,,src/DecomphelpLeafAccessors.cpp,100.00,12,VERIFY_OURS,
0x00412da0,game,,sub_412DA0,exact,,th10::leaf::Fn00412DA0,Enemy,src/DecomphelpLeafAccessors.cpp,100.00,4,LIB_FREE,
0x00412db0,game,implemented,RearmAnimTimerAt20EaxAbi,exact,,th10::leaf::Fn00412DB0,,src/DecomphelpLeafAccessors.cpp,100.00,50,VERIFY_OURS,
0x00412df0,game,,sub_412DF0,exact,,th10::leaf::Fn00412DF0,Enemy,src/DecomphelpLeafAccessors.cpp,100.00,4,LIB_FREE,
0x00412e00,game,,sub_412E00,exact,,th10::leaf::Fn00412E00,Enemy,src/DecomphelpLeafAccessors.cpp,100.00,8,LIB_FREE,
0x00412e70,game,implemented,AddMaximumScorePenalty,exact,authored,GameScoreStateView::DecayFaith,ItemManager,src/ItemManager.cpp,100.00,46,ADOPT_EXACT,
0x00412ed0,game,implemented,SetAnimDurationInvalidateCacheEaxEcxAbi,exact,authored,EnemySetChapter,Enemy,src/EnemyEclDispatcher.cpp,100.00,16,ADOPT_EXACT,
0x00412ee0,game,,sub_412EE0,,,,,,,,UNSOURCED,
0x00412f10,game,,sub_412F10,exact,,th10::leaf::LeafValueSetter00412F10View::Set,,src/DecomphelpLeafAccessors.cpp,100.00,10,LIB_FREE,
0x00412f20,game,,sub_412F20,exact,,th10::leaf::LeafValueSetter00412F20View::Set,,src/DecomphelpLeafAccessors.cpp,100.00,10,LIB_FREE,
0x00412f30,,,,exact,,th10::leaf::Fn00412F30,,src/DecomphelpLeafAccessors.cpp,100.00,4,LIB_FREE,
0x00412f40,,,,exact,,th10::leaf::Fn00412F40,,src/DecomphelpLeafAccessors.cpp,100.00,4,LIB_FREE,
0x00412f50,game,,sub_412F50,exact,,th10::leaf::Fn00412F50,Enemy,src/DecomphelpLeafAccessors.cpp,100.00,5,LIB_FREE,
0x00412f60,game,,sub_412F60,exact,,th10::leaf::Fn00412F60,Enemy,src/DecomphelpLeafAccessors.cpp,100.00,7,LIB_FREE,
0x00412f70,game,implemented,SetSlotPairFromStackEaxStackAbi,,,,,,,,,
0x00412f90,,,,exact,,th10::leaf::Fn00412F90,,src/DecomphelpLeafAccessors.cpp,100.00,4,LIB_FREE,
0x00412fa0,game,,sub_412FA0,exact,,th10::leaf::Fn00412FA0,Enemy,src/DecomphelpLeafAccessors.cpp,100.00,5,LIB_FREE,
0x00412fb0,,,,exact,,th10::leaf::Fn00412FB0,,src/DecomphelpLeafAccessors.cpp,100.00,7,LIB_FREE,
0x00412fc0,,,,exact,,th10::leaf::Fn00412FC0,,src/DecomphelpLeafAccessors.cpp,100.00,7,LIB_FREE,
0x00412fd0,,,,exact,,th10::leaf::Fn00412FD0,,src/DecomphelpLeafAccessors.cpp,100.00,4,LIB_FREE,
0x00412fe0,game,,nullsub_22,exact,,th10::leaf::Fn00412FE0,Enemy,src/DecomphelpLeafAccessors.cpp,100.00,1,LIB_FREE,
0x00412ff0,game,implemented,AdvanceScorePopupTimerEdiStackAbi,exact,authored,GameScoreStateView::ExtendFaithTimer,GameScore,src/ItemManager.cpp,100.00,93,ADOPT_EXACT,
0x004130a0,game,,sub_4130A0,exact,,th10::leaf::Fn004130A0,Enemy,src/DecomphelpLeafAccessors.cpp,100.00,7,LIB_FREE,
0x004130c0,game,,sub_4130C0,exact,,th10::leaf::Fn004130C0,Enemy,src/DecomphelpLeafAccessors.cpp,100.00,4,LIB_FREE,
0x004130d0,game,,sub_4130D0,exact,,th10::leaf::Fn004130D0,Enemy,src/DecomphelpLeafAccessors.cpp,100.00,4,LIB_FREE,
0x004130e0,game,,sub_4130E0,,,,,,,,UNSOURCED,
0x004130f0,,,,exact,,th10::leaf::Fn004130F0,,src/DecomphelpLeafAccessors.cpp,100.00,4,LIB_FREE,
0x00413100,game,,sub_413100,,,,,,,,UNSOURCED,
0x00413110,,,,exact,,th10::leaf::Fn00413110,,src/DecomphelpLeafAccessors.cpp,100.00,3,LIB_FREE,
0x00413120,game,implemented,CopyVec3ToSlotCEaxEcxAbi,,,,,,,,,
0x00413140,game,,sub_413140,,,,,,,,UNSOURCED,
0x00413150,game,,sub_413150,,,,,,,,UNSOURCED,
0x00413160,game,,sub_413160,,,,,,,,UNSOURCED,
0x00413170,game,implemented,WrapAngleIntoSlot1CEcxStackAbi,exact,authored,EnemySetMotionAngle,Enemy,src/EnemyMotion.cpp,100.00,20,ADOPT_EXACT,
0x004131a0,game,implemented,ReadEntityFlagBit3EaxAbi,exact,,th10::leaf::Fn004131A0,Enemy,src/DecomphelpLeafAccessors.cpp,100.00,10,VERIFY_OURS,
0x004131b0,game,,nullsub_23,exact,,th10::leaf::Fn004131B0,Enemy,src/DecomphelpLeafAccessors.cpp,100.00,1,LIB_FREE,
0x004131f0,game,,sub_4131F0,exact,,th10::leaf::Fn004131F0,Enemy,src/DecomphelpLeafAccessors.cpp,100.00,4,LIB_FREE,
0x00413200,game,implemented,LinkChildListNode,exact,authored,AnmVmLayerNodeView::InsertAfter,AnmManager,src/AnmManager.cpp,100.00,23,ADOPT_EXACT,
0x00413220,game,implemented,CopyVec3EaxEcxAbi,,,,,,,,,
0x00413240,game,,sub_413240,exact,,th10::leaf::LeafIdentity00413240View::Get,,src/DecomphelpLeafAccessors.cpp,100.00,3,LIB_FREE,
0x00413270,game,implemented,SetPolarVec2SinCosScaledEaxStackAbi,exact,authored,EnemyDropVectorView::FromAngleRadii,Enemy,src/EnemyEclDispatcher.cpp,100.00,30,ADOPT_EXACT,
0x00413350,game,implemented,CreateRegistrationDrawOwner,unclassified,authored,,,,0.00,151,VERIFY_OURS,
0x00413450,game,implemented,DestroyRegistrationDrawOwner,unclassified,authored,,,,0.00,84,VERIFY_OURS,
0x004134b0,game,implemented,UpdateRegistrationDrawTiming,exact,authored,FpsCounterView::CalculateFps,Main,src/Main.cpp,100.00,280,ADOPT_EXACT,
0x004135d0,game,implemented,RegistrationDrawCallback,exact,authored,FpsCounterView::DrawFpsCounter,Main,src/Main.cpp,100.00,180,ADOPT_EXACT,
0x00413690,game,,sub_413690,,,,,,,,UNSOURCED,
0x004136a0,game,,sub_4136A0,exact,,th10::leaf::Fn004136A0,Enemy,src/DecomphelpLeafAccessors.cpp,100.00,7,LIB_FREE,
0x004136b0,game,,nullsub_24,exact,,th10::leaf::Fn004136B0,Enemy,src/DecomphelpLeafAccessors.cpp,100.00,1,LIB_FREE,
0x004136c0,game,implemented,ReleaseRegistrationOwnerHandleChainEsiAbi,unclassified,authored,,,,0.00,97,VERIFY_OURS,
0x00413730,game,,sub_413730,exact,,th10::leaf::Fn00413730,Enemy,src/DecomphelpLeafAccessors.cpp,100.00,7,LIB_FREE,
0x00413740,game,implemented,SetManagerRegistrationFlagEaxAbi,,,,,,,,,
0x00413760,game,implemented,ReadManagerRegistrationFlagEaxAbi,,,,,,,,,
0x00413770,game,,sub_413770,exact,,th10::leaf::Fn00413770,Enemy,src/DecomphelpLeafAccessors.cpp,100.00,8,LIB_FREE,
0x00413780,game,implemented,ReadManagerPostRegistrationFlagEaxAbi,,,,,,,,,
0x00413790,game,implemented,RefreshLifeIconsEaxStackAbi,exact,authored,GuiSetLivesDisplayCount,Gui,src/Gui.cpp,100.00,77,ADOPT_EXACT,
0x004137e0,game,,sub_4137E0,exact,,th10::leaf::Fn004137E0,Enemy,src/DecomphelpLeafAccessors.cpp,100.00,4,LIB_FREE,
0x004137f0,,,,exact,,th10::leaf::Fn004137F0,,src/DecomphelpLeafAccessors.cpp,100.00,15,LIB_FREE,
0x00413800,,,,exact,,th10::leaf::Fn00413800,,src/DecomphelpLeafAccessors.cpp,100.00,12,LIB_FREE,
0x00413810,game,implemented,ConstructAsciiHudOwnerRecords,unclassified,,,,,0.00,367,VERIFY_OURS,
0x00413980,game,implemented,OpenStageScriptSequenceEbxAbi,unclassified,authored,,,,0.00,147,VERIFY_OURS,
0x00413a20,game,implemented,OpenSceneScriptResource,unclassified,authored,,,,0.00,289,VERIFY_OURS,
0x00413bc0,game,implemented,ResetAsciiHudOverlayEdiAbi,unclassified,authored,,,,0.00,1965,VERIFY_OURS,
0x00414370,game,implemented,ReleaseAsciiHudOwnerResources,unclassified,authored,,,,0.00,476,VERIFY_OURS,
0x00414570,game,implemented,ReleaseRegistrationOwnerFromManagerEbxAbi,unclassified,authored,,,,0.00,121,VERIFY_OURS,
0x004145f0,game,implemented,DestroyAsciiHudOwnerInPlace,unclassified,authored,,,,0.00,574,VERIFY_OURS,
0x00414830,game,implemented,CreateAsciiHudOwner,unclassified,authored,,,,0.00,136,VERIFY_OURS,
0x004148e0,game,implemented,ReleaseAsciiHudOwnerEsiAbi,,,,,,,,,
0x00414900,game,implemented,UpdateAsciiHudGameplay,unclassified,authored,GuiView::UpdateStageElements,Gui,src/Gui.cpp,0.00,3836,VERIFY_OURS+BOUNDARY_MISMATCH,crt=3805 theirs=3836
0x00415800,game,implemented,RenderAsciiHudBatch,unclassified,authored,,,,0.00,724,VERIFY_OURS,
0x00415ae0,game,,sub_415AE0,,,,,,,,UNSOURCED,
0x00415af0,game,,sub_415AF0,,,,,,,,UNSOURCED,
0x00415b00,game,implemented,InitializeResultScreenScriptState,unclassified,authored,,,,0.00,683,VERIFY_OURS,
0x00415db0,game,implemented,CreateResultScreenScriptSlotEdiEsiAbi,unclassified,authored,,,,0.00,124,VERIFY_OURS,
0x00415e90,game,implemented,RunResultScreenScriptStreamStackAbi,unclassified,authored,GuiMessageVmView::Run,Gui,src/Gui.cpp,0.00,4480,VERIFY_OURS+BOUNDARY_MISMATCH,crt=4306 theirs=4480
0x00417010,game,implemented,DecryptTimelineRecordText,exact,authored,th10::leaf::Fn00417010,,src/DecomphelpLeafAccessors.cpp,100.00,41,ADOPT_EXACT,
0x00417040,game,implemented,UpdateInGameScoreDisplayEsiAbi,unclassified,authored,,,,0.00,671,VERIFY_OURS,
0x004172e0,game,implemented,ApplyResultScreenStateEaxStackAbi,unclassified,authored,,,,0.00,640,VERIFY_OURS,
0x00417580,game,,sub_417580,exact,,th10::leaf::Fn00417580,,src/DecomphelpLeafAccessors.cpp,100.00,4,LIB_FREE,
0x00417590,game,,sub_417590,exact,,th10::leaf::Fn00417590,,src/DecomphelpLeafAccessors.cpp,100.00,4,LIB_FREE,
0x004175a0,game,,sub_4175A0,exact,,th10::leaf::Fn004175A0,,src/DecomphelpLeafAccessors.cpp,100.00,4,LIB_FREE,
0x004175b0,game,implemented,ReadEntityFlagBit2EaxAbi,exact,,th10::leaf::Fn004175B0,,src/DecomphelpLeafAccessors.cpp,100.00,10,VERIFY_OURS,
0x004175c0,game,,sub_4175C0,exact,,th10::leaf::Fn004175C0,,src/DecomphelpLeafAccessors.cpp,100.00,5,LIB_FREE,
0x004175d0,game,,sub_4175D0,exact,,th10::leaf::Fn004175D0,,src/DecomphelpLeafAccessors.cpp,100.00,4,LIB_FREE,
0x004175e0,game,implemented,UpdateScoreBlockEaxAbi,exact,,th10::leaf::Fn004175E0,,src/DecomphelpLeafAccessors.cpp,100.00,32,VERIFY_OURS,
0x00417600,game,implemented,ReadEntityFlagBit4EaxAbi,exact,,th10::leaf::Fn00417600,,src/DecomphelpLeafAccessors.cpp,100.00,10,VERIFY_OURS,
0x00417610,,,,exact,,th10::leaf::Fn00417610,,src/DecomphelpLeafAccessors.cpp,100.00,7,LIB_FREE,
0x00417620,,,,exact,,th10::leaf::Fn00417620,,src/DecomphelpLeafAccessors.cpp,100.00,7,LIB_FREE,
0x00417630,game,,sub_417630,exact,,th10::leaf::Fn00417630,,src/DecomphelpLeafAccessors.cpp,100.00,6,LIB_FREE,
0x00417640,game,,sub_417640,exact,,th10::leaf::Fn00417640,,src/DecomphelpLeafAccessors.cpp,100.00,4,LIB_FREE,
0x00417650,game,,sub_417650,exact,,th10::leaf::Fn00417650,,src/DecomphelpLeafAccessors.cpp,100.00,6,LIB_FREE,
0x00417670,game,,sub_417670,,,,,,,,UNSOURCED,
0x00417680,game,,sub_417680,exact,,th10::leaf::Fn00417680,,src/DecomphelpLeafAccessors.cpp,100.00,4,LIB_FREE,
0x00417690,game,implemented,ReadEntityFlagBit5EaxAbi,exact,,th10::leaf::Fn00417690,,src/DecomphelpLeafAccessors.cpp,100.00,10,VERIFY_OURS,
0x004176a0,game,,sub_4176A0,exact,,th10::leaf::Fn004176A0,,src/DecomphelpLeafAccessors.cpp,100.00,4,LIB_FREE,
0x004176b0,game,,nullsub_25,exact,,th10::leaf::Fn004176B0,,src/DecomphelpLeafAccessors.cpp,100.00,1,LIB_FREE,
0x004176c0,game,,sub_4176C0,exact,,th10::leaf::Fn004176C0,,src/DecomphelpLeafAccessors.cpp,100.00,3,LIB_FREE,
0x004176d0,game,,sub_4176D0,exact,,th10::leaf::Fn004176D0,,src/DecomphelpLeafAccessors.cpp,100.00,3,LIB_FREE,
0x004176e0,game,,sub_4176E0,exact,,th10::leaf::Fn004176E0,,src/DecomphelpLeafAccessors.cpp,100.00,4,LIB_FREE,
0x004176f0,game,,sub_4176F0,exact,,th10::leaf::Fn004176F0,,src/DecomphelpLeafAccessors.cpp,100.00,8,LIB_FREE,
0x00417700,game,,sub_417700,exact,,th10::leaf::Fn00417700,,src/DecomphelpLeafAccessors.cpp,100.00,8,LIB_FREE,
0x00417710,game,implemented,ReadManagerFlagBit3At2A18EaxAbi,exact,,th10::leaf::Fn00417710,,src/DecomphelpLeafAccessors.cpp,100.00,13,VERIFY_OURS,
0x00417720,game,,sub_417720,,,,,,,,UNSOURCED,
0x00417770,game,implemented,ReleaseOwnerRecordChainEaxAbi,unclassified,authored,,,,0.00,66,VERIFY_OURS,
0x004177c0,game,implemented,MarkResultPairFlagsThiscallA,exact,,th10::leaf::Fn004177C0,,src/DecomphelpLeafAccessors.cpp,100.00,25,VERIFY_OURS,
0x004177e0,game,implemented,MarkResultPairFlagsThiscallB,exact,,th10::leaf::Fn004177E0,,src/DecomphelpLeafAccessors.cpp,100.00,25,VERIFY_OURS,
0x00417800,game,implemented,RearmInterpTimerAt40EaxAbi,exact,authored,th10::leaf::Fn00417800,,src/DecomphelpLeafAccessors.cpp,100.00,58,ADOPT_EXACT,
0x00417870,game,implemented,SetupGameSceneFromTitle,unclassified,authored,GameManagerInitialize,GameManager,src/GameManager.cpp,0.00,1009,VERIFY_OURS,
0x00417c70,game,implemented,TitleScreenCallbackWorker,,,,,,,,,
0x00417c80,game,implemented,TeardownTitleScreenStackAbi,unclassified,authored,,,,0.00,1105,VERIFY_OURS,
0x004180e0,game,implemented,CreateTitleScreen,unclassified,authored,,,,0.00,107,VERIFY_OURS,
0x00418150,game,implemented,DestroyTitleScreen,unclassified,,,,,0.00,18,VERIFY_OURS,
0x00418190,game,implemented,RunTitleScreenCalcBodyStackAbi,unclassified,authored,GameManagerUpdateBody,GameManager,src/GameManager.cpp,0.00,1544,VERIFY_OURS,
0x004187c0,,implemented,TitleScreenCalcCallback,exact,,GameManager::OnUpdate,GameManager,src/GameManager.cpp,100.00,7,VERIFY_OURS,
0x004187d0,game,implemented,TitleScreenDrawCallback,exact,authored,GameManager::OnDraw,GameManager,src/GameManager.cpp,100.00,31,ADOPT_EXACT,
0x00418810,game,implemented,PublishTitlePlayfieldOriginEaxAbi,unclassified,authored,,,,0.00,64,VERIFY_OURS,
0x004188a0,game,implemented,AwardExtendedLifeEaxEcxAbi,unclassified,authored,,,,0.00,141,VERIFY_OURS,
0x00418930,game,implemented,AddLifeFragmentEaxStackAbi,unclassified,authored,GameScoreStateView::AddPower,GameScore,src/ItemManager.cpp,0.00,166,VERIFY_OURS,
0x004189e0,game,implemented,ClearTitleInputCountersEaxAbi,exact,,th10::leaf::Fn004189E0,,src/DecomphelpLeafAccessors.cpp,100.00,15,VERIFY_OURS,
0x004189f0,game,,sub_4189F0,exact,,th10::leaf::Fn004189F0,,src/DecomphelpLeafAccessors.cpp,100.00,7,LIB_FREE,
0x00418a00,game,implemented,TickTitleFrameStateEaxAbi,unclassified,authored,,,,0.00,65,VERIFY_OURS,
0x00418a90,game,implemented,AdvanceTitleMenuItemIndexEaxAbi,exact,authored,th10::leaf::Fn00418A90,,src/DecomphelpLeafAccessors.cpp,100.00,20,ADOPT_EXACT,
0x00418ab0,game,,sub_418AB0,exact,,th10::leaf::Fn00418AB0,,src/DecomphelpLeafAccessors.cpp,100.00,4,LIB_FREE,
0x00418ac0,game,,sub_418AC0,exact,,th10::leaf::Fn00418AC0,,src/DecomphelpLeafAccessors.cpp,100.00,15,LIB_FREE,
0x00418ad0,game,implemented,ToggleTitleFlagBit3EaxEcxAbi,,,,,,,,,
0x00418af0,game,implemented,ToggleTitleFlagBit1EaxEcxAbi,,,,,,,,,
0x00418b10,game,implemented,ToggleTitleFlagBit0EaxEdxAbi,exact,,th10::leaf::Fn00418B10,,src/DecomphelpLeafAccessors.cpp,100.00,17,VERIFY_OURS,
0x00418b30,game,implemented,ReadTitleFlagBit1EaxAbi,exact,,th10::leaf::Fn00418B30,,src/DecomphelpLeafAccessors.cpp,100.00,9,VERIFY_OURS,
0x00418b40,game,,sub_418B40,exact,,th10::leaf::Fn00418B40,,src/DecomphelpLeafAccessors.cpp,100.00,4,LIB_FREE,
0x00418b50,game,,sub_418B50,exact,,th10::leaf::Fn00418B50,,src/DecomphelpLeafAccessors.cpp,100.00,5,LIB_FREE,
0x00418b60,game,,sub_418B60,exact,,th10::leaf::Fn00418B60,,src/DecomphelpLeafAccessors.cpp,100.00,5,LIB_FREE,
0x00418b70,game,,sub_418B70,exact,,th10::leaf::Fn00418B70,,src/DecomphelpLeafAccessors.cpp,100.00,4,LIB_FREE,
0x00418b80,game,implemented,SeedFrameStateCounter,exact,authored,GameScoreStateView::SetFaith,ItemManager,src/ItemManager.cpp,100.00,73,ADOPT_EXACT,
0x00418bd0,game,,sub_418BD0,exact,,th10::leaf::Fn00418BD0,,src/DecomphelpLeafAccessors.cpp,100.00,4,LIB_FREE,
0x00418be0,game,,sub_418BE0,exact,,th10::leaf::Fn00418BE0,,src/DecomphelpLeafAccessors.cpp,100.00,4,LIB_FREE,
0x00418bf0,game,,sub_418BF0,exact,,th10::leaf::Fn00418BF0,,src/DecomphelpLeafAccessors.cpp,100.00,4,LIB_FREE,
0x00418c00,game,,sub_418C00,exact,,th10::leaf::Fn00418C00,,src/DecomphelpLeafAccessors.cpp,100.00,6,LIB_FREE,
0x00418c10,game,implemented,ClearTitleCursorPairEaxAbi,exact,,th10::leaf::Fn00418C10,,src/DecomphelpLeafAccessors.cpp,100.00,9,VERIFY_OURS,
0x00418c20,game,,nullsub_26,exact,,th10::leaf::Fn00418C20,,src/DecomphelpLeafAccessors.cpp,100.00,1,LIB_FREE,
0x00418c40,game,implemented,SnapshotPracticeScoreBlock,unclassified,authored,,,,0.00,125,VERIFY_OURS,
0x00418d00,game,implemented,ConstructTipRecordEdxAbi,unclassified,,,,,0.00,51,VERIFY_OURS,
0x00418d40,game,implemented,InitializeTitleStateListsInPlaceEdxAbi,unclassified,,,,,0.00,237,VERIFY_OURS,
0x00418e30,game,implemented,InstallHintTextCallbacksEbxAbi,unclassified,authored,,,,0.00,131,VERIFY_OURS,
0x00418ee0,game,implemented,ReleaseHintTextState,unclassified,authored,,,,0.00,346,VERIFY_OURS,
0x00419040,game,implemented,FreeHintTipListsEaxAbi,unclassified,authored,,,,0.00,79,VERIFY_OURS,
0x00419090,game,implemented,CreateHintTextOwnerEbxAbi,unclassified,authored,,,,0.00,67,VERIFY_OURS,
0x00419120,game,implemented,UpdateTipEntitiesUsercall,unclassified,authored,,,,0.00,1317,VERIFY_OURS,
0x00419650,game,implemented,UpdateTrackedEntityProximityFadeEdiAbi,unclassified,authored,,,,0.00,571,VERIFY_OURS,
0x00419890,game,,sub_419890,exact,,th10::leaf::Fn00419890,,src/DecomphelpLeafAccessors.cpp,100.00,6,LIB_FREE,
0x004198a0,game,implemented,TimelineVmProximityFadeThunkEcxAbi,unclassified,,,,,0.00,10,VERIFY_OURS,
0x004198b0,game,,sub_4198B0,exact,,th10::leaf::Fn004198B0,,src/DecomphelpLeafAccessors.cpp,100.00,6,LIB_FREE,
0x004198c0,game,implemented,LookupHintKeywordEdxStackAbi,unclassified,authored,,,,0.00,98,VERIFY_OURS,
0x00419960,game,implemented,ParseHintTextFileStackAbi,unclassified,authored,,,,0.00,1498,VERIFY_OURS,
0x00419f40,game,implemented,ReadHintTextLineUsercall,unclassified,authored,,,,0.00,260,VERIFY_OURS,
0x0041a050,game,boundary,SplitTipLineUsercall,unclassified,authored,,,,0.00,75,,
0x0041a090,,boundary,TrimHintLineShortEaxAbi,,,,,,,,,
0x0041a0a0,game,implemented,TrimHintStringEaxAbi,unclassified,authored,,,,0.00,114,VERIFY_OURS,
0x0041a120,game,implemented,CreateTextEffect,unclassified,authored,,,,0.00,220,VERIFY_OURS,
0x0041a200,game,implemented,WriteHintTextTemplateStackAbi,unclassified,authored,,,,0.00,2247,VERIFY_OURS,
0x0041ab10,game,implemented,AppendTipListNodeEaxEdxAbi,unclassified,authored,,,,0.00,52,VERIFY_OURS,
0x0041ab50,game,,sub_41AB50,exact,,th10::leaf::Fn0041AB50,,src/DecomphelpLeafAccessors.cpp,100.00,7,LIB_FREE,
0x0041ab60,game,implemented,GetTipSlotEaxAbi,exact,,th10::leaf::Fn0041AB60,,src/DecomphelpLeafAccessors.cpp,100.00,4,VERIFY_OURS,
0x0041ab70,game,boundary,ResetTipEntityMotionEdxEcxStackAbi,exact,authored,AnmVmView::StartScaleInterpolation,AnmManager,src/AnmManager.cpp,100.00,136,ADOPT_EXACT,
0x0041ac00,game,,sub_41AC00,exact,,th10::leaf::Fn0041AC00,,src/DecomphelpLeafAccessors.cpp,100.00,4,LIB_FREE,
0x0041ac10,game,,sub_41AC10,exact,,th10::leaf::Fn0041AC10,,src/DecomphelpLeafAccessors.cpp,100.00,4,LIB_FREE,
0x0041ac20,game,implemented,CopyTipPairEaxEcxAbi,exact,,th10::leaf::Fn0041AC20,,src/DecomphelpLeafAccessors.cpp,100.00,11,VERIFY_OURS,
0x0041ac30,game,implemented,CopyTipPairToSlot8EaxEcxAbi,exact,,th10::leaf::Fn0041AC30,,src/DecomphelpLeafAccessors.cpp,100.00,12,VERIFY_OURS,
0x0041ac40,,,,exact,,th10::leaf::Fn0041AC40,,src/DecomphelpLeafAccessors.cpp,100.00,50,LIB_FREE,
0x0041ac80,game,implemented,SetTipPairFromStackEaxStackAbi,,,,,,,,,
0x0041ac90,game,,nullsub_27,,,,,,,,UNSOURCED,
0x0041aca0,game,,sub_41ACA0,exact,,th10::leaf::Fn0041ACA0,,src/DecomphelpLeafAccessors.cpp,100.00,7,LIB_FREE,
0x0041acf0,game,implemented,ResetStageEntityRecordEcxAbi,exact,,ItemRecordView::ItemRecordView,ItemManager,src/ItemManager.cpp,100.00,104,VERIFY_OURS,
0x0041ad60,game,implemented,FreeEntityRibbonBufferEcxAbi,exact,,ItemRecordView::~ItemRecordView,ItemManager,src/ItemManager.cpp,100.00,34,VERIFY_OURS,
0x0041ad90,game,implemented,InstallEffectPoolCallbacksEbxAbi,unclassified,authored,ItemManagerRegisterCallbacks,ItemManager,src/ItemManager.cpp,0.00,84,VERIFY_OURS,
0x0041adf0,game,implemented,DestroyBulletManagerInPlace,unclassified,authored,ItemManagerView::~ItemManagerView,ItemManager,src/ItemManager.cpp,0.00,216,VERIFY_OURS,
0x0041aed0,game,implemented,CreateEffectPoolManagerEbxAbi,unclassified,authored,GameCreateItemManager,ItemManager,src/ItemManager.cpp,0.00,185,VERIFY_OURS,
0x0041afb0,game,implemented,ReleaseBulletManagerEsiAbi,,,,,,,,,
0x0041afd0,game,implemented,UpdateBulletManagerStackAbi,unclassified,authored,ItemManagerUpdateBody,ItemManager,src/ItemManager.cpp,0.00,2320,VERIFY_OURS+BOUNDARY_MISMATCH,crt=2253 theirs=2320
0x0041b8e0,game,implemented,TickEffectPoolSlots,unclassified,authored,ItemManagerView::Draw,ItemManager,src/ItemManager.cpp,0.00,281,VERIFY_OURS,
0x0041ba00,game,implemented,BulletCalcRecordCallbackEcxStackAbi,exact,authored,ItemManagerView::OnUpdate,ItemManager,src/ItemManager.cpp,100.00,48,ADOPT_EXACT,
0x0041ba30,game,implemented,TickEffectPoolSlotsGuarded,exact,authored,ItemManagerView::OnDraw,ItemManager,src/ItemManager.cpp,100.00,29,ADOPT_EXACT,
0x0041ba50,game,implemented,KillPendingBulletsEsiAbi,unclassified,authored,ItemManagerView::ConvertPowerItems,ItemManager,src/ItemManager.cpp,0.00,165,VERIFY_OURS,
0x0041bb00,game,implemented,SpawnExplosionParticleEaxEcxEfxAbi,unclassified,authored,ItemManagerView::Spawn,ItemManager,src/ItemManager.cpp,0.00,819,VERIFY_OURS+BOUNDARY_MISMATCH,crt=793 theirs=819
0x0041be80,game,implemented,AddPivValueEcxStackAbi,exact,authored,GameScoreStateView::AddFaith,ItemManager,src/ItemManager.cpp,100.00,46,ADOPT_EXACT,
0x0041beb0,game,implemented,SetPolarVectorThiscall,exact,authored,ItemVectorView::FromAngleMagnitude,ItemManager,src/ItemManager.cpp,100.00,30,ADOPT_EXACT,
0x0041bed0,game,,nullsub_28,,,,,,,,UNSOURCED,
0x0041bee0,game,,sub_41BEE0,exact,,th10::leaf::Fn0041BEE0,,src/DecomphelpLeafAccessors.cpp,100.00,7,LIB_FREE,
0x0041bef0,game,,nullsub_2,exact,,th10::leaf::Fn0041BEF0,,src/DecomphelpLeafAccessors.cpp,100.00,1,LIB_FREE,
0x0041bf00,game,,sub_41BF00,,,,,,,,UNSOURCED,
0x0041bf10,game,implemented,StageObjectSlotRet0,exact,,th10::leaf::Fn0041BF10,,src/DecomphelpLeafAccessors.cpp,100.00,3,VERIFY_OURS,
0x0041bf20,game,,sub_41BF20,exact,,th10::leaf::Fn0041BF20,,src/DecomphelpLeafAccessors.cpp,100.00,3,LIB_FREE,
0x0041bf30,game,implemented,StageObjectSlotUnlinkThiscall,,,,,,,,,
0x0041bf50,game,,sub_41BF50,,,,,,,,UNSOURCED,
0x0041bf60,game,,sub_41BF60,,,,,,,,UNSOURCED,
0x0041bf70,game,,sub_41BF70,,,,,,,,UNSOURCED,
0x0041bf80,game,,sub_41BF80,,,,,,,,UNSOURCED,
0x0041bf90,game,implemented,StageObjectSlotNoop,exact,,th10::leaf::Fn0041BF90,,src/DecomphelpLeafAccessors.cpp,100.00,1,VERIFY_OURS,
0x0041bfa0,game,,nullsub_30,exact,,th10::leaf::Fn0041BFA0,,src/DecomphelpLeafAccessors.cpp,100.00,1,LIB_FREE,
0x0041bfb0,game,,nullsub_31,exact,,th10::leaf::Fn0041BFB0,,src/DecomphelpLeafAccessors.cpp,100.00,1,LIB_FREE,
0x0041bfc0,game,,nullsub_32,exact,,th10::leaf::Fn0041BFC0,,src/DecomphelpLeafAccessors.cpp,100.00,1,LIB_FREE,
0x0041bfd0,game,,nullsub_33,exact,,th10::leaf::Fn0041BFD0,,src/DecomphelpLeafAccessors.cpp,100.00,1,LIB_FREE,
0x0041bfe0,game,,nullsub_34,exact,,th10::leaf::Fn0041BFE0,,src/DecomphelpLeafAccessors.cpp,100.00,1,LIB_FREE,
0x0041bff0,game,,nullsub_35,exact,,th10::leaf::Fn0041BFF0,,src/DecomphelpLeafAccessors.cpp,100.00,1,LIB_FREE,
0x0041c000,game,,nullsub_36,exact,,th10::leaf::Fn0041C000,,src/DecomphelpLeafAccessors.cpp,100.00,1,LIB_FREE,
0x0041c010,game,,nullsub_37,exact,,th10::leaf::Fn0041C010,,src/DecomphelpLeafAccessors.cpp,100.00,1,LIB_FREE,
0x0041c020,game,,nullsub_38,exact,,th10::leaf::Fn0041C020,,src/DecomphelpLeafAccessors.cpp,100.00,1,LIB_FREE,
0x0041c030,game,implemented,InitStageObjectHeaderDefaultsEdxAbi,exact,,th10::leaf::Fn0041C030,,src/DecomphelpLeafAccessors.cpp,100.00,98,VERIFY_OURS,
0x0041c0b0,game,implemented,LinkStageObjectNodeEaxEcxAbi,,,,,,,,,
0x0041c100,,implemented,CreateStageObjectManagerInPlaceEsiAbi,,,,,,,,,
0x0041c120,game,implemented,InitializeStageObjectManagerEbxAbi,unclassified,authored,,,,0.00,146,VERIFY_OURS,
0x0041c1c0,game,implemented,DestroyStageObjectManagerStackAbi,unclassified,authored,,,,0.00,195,VERIFY_OURS,
0x0041c290,game,implemented,CreateStageObjectManagerEbxAbi,unclassified,authored,,,,0.00,91,VERIFY_OURS,
0x0041c330,game,implemented,TickEffectNodeList,unclassified,,,,,0.00,274,VERIFY_OURS,
0x0041c480,game,implemented,StageObjectManagerCalcCallbackEcxAbi,,,,,,,,,
0x0041c4e0,game,implemented,StageObjectManagerDrawCallbackEcxAbi,,,,,,,,,
0x0041c510,game,implemented,SpawnStageObjectEsiEdiStackAbi,unclassified,authored,,,,0.00,153,VERIFY_OURS,
0x0041c5b0,game,implemented,InitStageObjectKindA_EbxAbi,unclassified,,,,,0.00,202,VERIFY_OURS,
0x0041c680,game,implemented,InitStageObjectKindB_EbxAbi,unclassified,,,,,0.00,219,VERIFY_OURS,
0x0041c760,game,implemented,BroadcastStageObjectSpawnEaxEbxStackAbi,,,,,,,,,
0x0041c7d0,game,implemented,MarkStageObjectsPendingEaxAbi,exact,authored,EnemyWaitForEffect,Enemy,src/EnemyEclDispatcher.cpp,100.00,44,ADOPT_EXACT,
0x0041c800,game,implemented,BroadcastEntranceTweenEaxEbxStackAbi,unclassified,authored,,,,0.00,76,VERIFY_OURS,
0x0041c850,game,implemented,BroadcastBulletClearEaxAbi,exact,authored,EnemyApplyBulletClear,Enemy,src/EnemyEclDispatcher.cpp,100.00,44,ADOPT_EXACT,
0x0041c880,game,implemented,SumStageObjectCounterVirtualEaxStackAbi,,,,,,,,,
0x0041c8c0,game,implemented,StageObjectSpawnDescriptorA,,,,,,,,,
0x0041cfd0,game,implemented,StageObjectCutoffRespawnA,unclassified,authored,EnemyLaserBoundaryStateView::UpdateBoundary,Enemy,src/EnemyLaser.cpp,0.00,410,VERIFY_OURS,
0x0041d170,game,implemented,StageObjectDistanceShrinkA,,,,,,,,,
0x0041d2c0,game,implemented,StageObjectDriftSlotA,unclassified,,,,,0.00,269,VERIFY_OURS,
0x0041d3d0,game,implemented,StageObjectUpdateA,unclassified,authored,,,,0.00,1001,VERIFY_OURS,
0x0041d7c0,game,implemented,SpawnBossDropItemVmsEcxAbi,unclassified,authored,,,,0.00,173,VERIFY_OURS,
0x0041d870,game,,sub_41D870,exact,,th10::leaf::Fn0041D870,,src/DecomphelpLeafAccessors.cpp,100.00,3,LIB_FREE,
0x0041d880,game,implemented,StageObjectSweepBoxA,unclassified,authored,EnemyLaserType0CollisionView::CheckCollisionBox,Enemy,src/EnemyLaser.cpp,0.00,1269,VERIFY_OURS,
0x0041dd80,game,implemented,StageObjectSweepRadialA,unclassified,authored,EnemyLaserType0CollisionView::CheckCollisionCircle,Enemy,src/EnemyLaser.cpp,0.00,1238,VERIFY_OURS,
0x0041e260,game,implemented,StageObjectSpreadA,unclassified,authored,,,,0.00,609,VERIFY_OURS,
0x0041e4d0,game,implemented,StageObjectRotatedBoxHitA_Thiscall,unclassified,,,,,0.00,226,VERIFY_OURS,
0x0041e5c0,game,implemented,StageObjectSpawnDescriptorB,,,,,,,,,
0x0041e700,game,implemented,StageObjectUpdateB,unclassified,authored,,,,0.00,816,VERIFY_OURS,
0x0041ea40,game,,sub_41EA40,,,,,,,,UNSOURCED,
0x0041eaf0,game,,sub_41EAF0,exact,,th10::leaf::Fn0041EAF0,,src/DecomphelpLeafAccessors.cpp,100.00,3,LIB_FREE,
0x0041eb00,game,implemented,StageObjectSweepBoxB,unclassified,authored,EnemyLaserType1CollisionView::CheckCollisionBox,Enemy,src/EnemyLaser.cpp,0.00,1171,VERIFY_OURS,
0x0041efa0,game,implemented,StageObjectSweepRadialB,unclassified,authored,EnemyLaserType1CollisionView::CheckCollisionCircle,Enemy,src/EnemyLaser.cpp,0.00,1108,VERIFY_OURS,
0x0041f400,game,implemented,StageObjectSpreadB,unclassified,authored,,,,0.00,623,VERIFY_OURS,
0x0041f670,game,implemented,StageObjectRotatedBoxHitB_Thiscall,,,,,,,,,
0x0041f7a0,game,implemented,IsBoxOutsidePlayfieldEcxStackAbi,exact,authored,EnemyLaserVectorView::IsOutsidePlayfield,EnemyLaser,src/EnemyLaser.cpp,100.00,91,ADOPT_EXACT,
0x0041f800,game,object-matched,ZunMath::SetVectorFromAngle,exact,authored,EnemyLaserVectorView::FromAngleMagnitude,Enemy,src/EnemyLaser.cpp,100.00,30,BOTH_MATCHED,
0x0041f820,game,implemented,SetStageEntityFocusFlagEaxAbi,exact,,th10::leaf::Fn0041F820,,src/DecomphelpLeafAccessors.cpp,100.00,19,VERIFY_OURS,
0x0041f840,game,,nullsub_39,exact,,th10::leaf::Fn0041F840,,src/DecomphelpLeafAccessors.cpp,100.00,1,LIB_FREE,
0x0041f850,game,implemented,InitializeStageEntityRecordEsiAbi,unclassified,,,,,0.00,128,VERIFY_OURS,
0x0041f8d0,game,implemented,InitializeFrontAndBulletResources,unclassified,authored,,,,0.00,82,VERIFY_OURS,
0x0041f930,game,implemented,ReleaseGlobalLifecycleCoordinatedSlots,unclassified,authored,,,,0.00,91,VERIFY_OURS,
0x0041f990,game,implemented,GlobalLifecycleStartupThread,unclassified,authored,Supervisor::StartupThread,,,0.00,299,VERIFY_OURS,
0x0041fac0,game,implemented,InstallGlobalLifecycleCallbacksEbxAbi,unclassified,authored,,,,0.00,140,VERIFY_OURS,
0x0041fb50,game,implemented,DestroyGlobalLifecycleManagerInPlace,unclassified,authored,,,,0.00,417,VERIFY_OURS,
0x0041fd00,game,implemented,CreateGlobalLifecycleManager,unclassified,authored,,,,0.00,69,VERIFY_OURS,
0x0041fdd0,game,implemented,CreateLoadingScreenEntitiesStackAbi,unclassified,authored,,,,0.00,220,VERIFY_OURS,
0x0041feb0,,object-matched,DisableGlobalManagerChainsOnFlag,,,,,,,,,
0x0041fef0,,object-matched,InvokeGlobalManagerFrameHandler,,,,,,,,,
0x0041ff00,game,implemented,MarkPauseChainFlagsUncheckedEaxAbi,exact,,th10::leaf::Fn0041FF00,,src/DecomphelpLeafAccessors.cpp,100.00,34,VERIFY_OURS,
0x0041ff30,game,object-matched,StoreEcxAtEaxOffset390,exact,,th10::leaf::Fn0041FF30,,src/DecomphelpLeafAccessors.cpp,100.00,7,BOTH_MATCHED,
0x0041ff40,game,object-matched,ReadEaxOffset150Bit4,exact,,th10::leaf::Fn0041FF40,,src/DecomphelpLeafAccessors.cpp,100.00,13,BOTH_MATCHED,
0x0041ff50,game,,nullsub_40,,,,,,,,UNSOURCED,
0x0041ff60,,object-matched,ReleaseChainElementAtEaxOffset62C,,,,,,,,,
0x0041ff80,game,object-matched,MainChainUpdate,unclassified,authored,,,,0.00,113,VERIFY_OURS,
0x00420000,game,object-matched,MainChainDrawInitialize,,,,,,,,,
0x004200c0,game,object-matched,MainChainDrawContinue,exact,,th10::leaf::Fn004200C0,,src/DecomphelpLeafAccessors.cpp,100.00,6,BOTH_MATCHED,
0x004200d0,game,implemented,MainChainDrawFinalize,,,,,,,,,
0x00420100,game,implemented,InitializeVersionData,unclassified,authored,,,,0.00,174,VERIFY_OURS,
0x004201b0,,implemented,InitializeMainChainCalculationCallback,unclassified,authored,,,,0.00,186,VERIFY_OURS,
0x00420270,game,implemented,ShutdownMainChainRuntime,unclassified,authored,,,,0.00,293,VERIFY_OURS,
0x004203a0,,implemented,DestroyMidiTimer,,,,,,,,,
0x004203c0,game,implemented,DestroyMidiTimerInPlace,unclassified,authored,,,,0.00,48,VERIFY_OURS,
0x004203f0,game,implemented,DestroyAllMainChainObjects,unclassified,authored,,,,0.00,128,VERIFY_OURS,
0x00420470,game,object-matched,RegisterMainChainCallbacks,unclassified,authored,,,,0.00,204,VERIFY_OURS,
0x00420540,,implemented,SnapshotFileWriterThread,,,,,,,,,
0x00420670,game,implemented,CaptureMainChainSnapshot,unclassified,authored,,,,0.00,504,VERIFY_OURS,
0x00420870,game,implemented,LoadMainChainConfiguration,unclassified,authored,,,,0.00,534,VERIFY_OURS,
0x00420a90,game,implemented,StartBgmTrack,unclassified,authored,,,,0.00,120,VERIFY_OURS,
0x00420b10,game,implemented,SelectTimelineAudioMode,unclassified,authored,,,,0.00,73,VERIFY_OURS,
0x00420b80,game,implemented,QueueBgmTrackWavPathEsiStackAbi,,,,,,,,,
0x00420c00,game,implemented,QueueBgmResumeModeSelect,unclassified,authored,,,,0.00,41,VERIFY_OURS,
0x00420c30,game,implemented,SetTimelineAudioValue,unclassified,authored,,,,0.00,84,VERIFY_OURS,
0x00420c90,,implemented,EnableMainChainFogIfNeeded,,,,,,,,,
0x00420cd0,game,implemented,DisableMainChainFogIfNeeded,unclassified,authored,,,,0.00,53,VERIFY_OURS,
0x00420d10,,implemented,EnableMainChainZWriteIfNeeded,,,,,,,,,
0x00420d50,,implemented,DisableMainChainZWriteIfNeeded,,,,,,,,,
0x00420d90,,implemented,FlushThenSetMainChainRenderState,,,,,,,,,
0x00420db0,game,,nullsub_41,,,,,,,,UNSOURCED,
0x00420dc0,game,,nullsub_42,exact,,th10::leaf::Fn00420DC0,,src/DecomphelpLeafAccessors.cpp,100.00,1,LIB_FREE,
0x00420dd0,game,implemented,SearchReplayHeaderKeyEaxStackAbi,unclassified,,,,,0.00,205,VERIFY_OURS,
0x00420ea0,game,implemented,StartMainChainCallbackThread,unclassified,authored,,,,0.00,118,VERIFY_OURS,
0x00421070,game,implemented,LeaveGameManagerGateStackAbi,unclassified,authored,,,,0.00,268,VERIFY_OURS,
0x00421180,game,implemented,SpawnGameManagerBackgroundVmsStackAbi,,,,,,,,,
0x00421300,game,implemented,EnterGameManagerGateStackAbi,unclassified,authored,,,,0.00,269,VERIFY_OURS,
0x00421410,game,,nullsub_43,,,,,,,,UNSOURCED,
0x00421420,game,implemented,EnterAllStageLoadSectionsEaxAbi,,,,,,,,,
0x00421450,game,implemented,LeaveAllStageLoadSectionsEaxAbi,,,,,,,,,
0x00421480,game,implemented,UpdateMainChainD3DFrameState,unclassified,authored,,,,0.00,287,VERIFY_OURS,
0x004215a0,game,implemented,UpdateMainChainCameraWork,unclassified,authored,,,,0.00,330,VERIFY_OURS,
0x004216f0,game,implemented,ResetMainChainStartupGlobals,unclassified,authored,,,,0.00,465,VERIFY_OURS,
0x004218d0,game,implemented,MainChainAdvanceState,unclassified,authored,,,,0.00,572,VERIFY_OURS,
0x00421b70,game,implemented,SelectStageRecordSlotThiscall,exact,,th10::leaf::Fn00421B70,,src/DecomphelpLeafAccessors.cpp,100.00,23,VERIFY_OURS,
0x00421b90,game,implemented,CrossProductVec3EaxDxEcxAbi,unclassified,,,,,0.00,77,VERIFY_OURS,
0x00421c50,game,implemented,LeaveStageLoadSectionEdiEsiAbi,unclassified,authored,,,,0.00,25,VERIFY_OURS,
0x00421c90,game,implemented,ReadGameFlagBit6EaxAbi,exact,,th10::leaf::Fn00421C90,,src/DecomphelpLeafAccessors.cpp,100.00,13,VERIFY_OURS,
0x00421ca0,game,implemented,ReadGameFlagBit5EaxAbi,exact,,th10::leaf::Fn00421CA0,,src/DecomphelpLeafAccessors.cpp,100.00,13,VERIFY_OURS,
0x00421cb0,game,implemented,ReadGameFlagBit3EaxAbi,exact,,th10::leaf::Fn00421CB0,,src/DecomphelpLeafAccessors.cpp,100.00,13,VERIFY_OURS,
0x00421cc0,game,implemented,ReadGameFlagBit1EaxAbi,exact,,th10::leaf::Fn00421CC0,,src/DecomphelpLeafAccessors.cpp,100.00,12,VERIFY_OURS,
0x00421cd0,,,,exact,,th10::leaf::Fn00421CD0,,src/DecomphelpLeafAccessors.cpp,100.00,8,LIB_FREE,
0x00421ce0,game,,sub_421CE0,exact,,th10::leaf::Fn00421CE0,,src/DecomphelpLeafAccessors.cpp,100.00,10,LIB_FREE,
0x00421cf0,game,implemented,ReadGameFlagBit2EaxAbi,exact,,th10::leaf::Fn00421CF0,,src/DecomphelpLeafAccessors.cpp,100.00,13,VERIFY_OURS,
0x00421d00,game,implemented,SeedScoreRecordRetryCountersEaxAbi,,,,,,,,,
0x00421d20,game,implemented,ReleaseScoreRecordSlotEsiAbi,unclassified,authored,,,,0.00,21,VERIFY_OURS,
0x00421d40,game,,nullsub_44,exact,,th10::leaf::Fn00421D40,,src/DecomphelpLeafAccessors.cpp,100.00,1,LIB_FREE,
0x00421d70,game,,sub_421D70,exact,,th10::leaf::Fn00421D70,,src/DecomphelpLeafAccessors.cpp,100.00,4,LIB_FREE,
0x00421d80,game,,sub_421D80,exact,,th10::leaf::Fn00421D80,,src/DecomphelpLeafAccessors.cpp,100.00,8,LIB_FREE,
0x00421d90,game,,sub_421D90,exact,,th10::leaf::Fn00421D90,,src/DecomphelpLeafAccessors.cpp,100.00,8,LIB_FREE,
0x00421da0,game,,sub_421DA0,exact,,th10::leaf::Fn00421DA0,,src/DecomphelpLeafAccessors.cpp,100.00,8,LIB_FREE,
0x00421db0,game,,sub_421DB0,exact,,th10::leaf::Fn00421DB0,,src/DecomphelpLeafAccessors.cpp,100.00,8,LIB_FREE,
0x00421dc0,game,,sub_421DC0,exact,,th10::leaf::Fn00421DC0,,src/DecomphelpLeafAccessors.cpp,100.00,8,LIB_FREE,
0x00421dd0,game,,sub_421DD0,exact,,th10::leaf::Fn00421DD0,,src/DecomphelpLeafAccessors.cpp,100.00,8,LIB_FREE,
0x00421de0,game,,sub_421DE0,exact,,th10::leaf::Fn00421DE0,,src/DecomphelpLeafAccessors.cpp,100.00,11,LIB_FREE,
0x00421df0,game,,sub_421DF0,exact,,th10::leaf::Fn00421DF0,,src/DecomphelpLeafAccessors.cpp,100.00,11,LIB_FREE,
0x00421e00,game,implemented,TickBgmFadeSequencerEaxAbi,unclassified,authored,,,,0.00,225,VERIFY_OURS,
0x00421ef0,game,,sub_421EF0,exact,,th10::leaf::Fn00421EF0,,src/DecomphelpLeafAccessors.cpp,100.00,4,LIB_FREE,
0x00421f00,game,implemented,ResetGameStateObjectEcxEsiAbi,unclassified,,,,,0.00,71,VERIFY_OURS,
0x00421f50,game,,sub_421F50,exact,,th10::leaf::Fn00421F50,,src/DecomphelpLeafAccessors.cpp,100.00,12,LIB_FREE,
0x00421f60,game,implemented,RecordStageFrameCountPeakEaxAbi,unclassified,authored,,,,0.00,28,VERIFY_OURS,
0x00421fa0,game,implemented,InsertScoreRecordEdi,unclassified,authored,,,,0.00,316,VERIFY_OURS,
0x004220e0,game,implemented,ResetScoreRecordDefaultsEdxAbi,unclassified,,,,,0.00,101,VERIFY_OURS,
0x00422150,game,implemented,InstallReplayNameEntryCallbacksEbxAbi,unclassified,authored,,,,0.00,142,VERIFY_OURS,
0x004221e0,game,,sub_4221E0,exact,,th10::leaf::Fn004221E0,,src/DecomphelpLeafAccessors.cpp,100.00,3,LIB_FREE,
0x004221f0,game,,sub_4221F0,exact,,th10::leaf::Fn004221F0,,src/DecomphelpLeafAccessors.cpp,100.00,3,LIB_FREE,
0x00422220,game,implemented,DestroyGameStateObjectInPlace,unclassified,authored,,,,0.00,311,VERIFY_OURS,
0x00422360,game,implemented,CreateScoreRecordOwner,unclassified,authored,,,,0.00,67,VERIFY_OURS,
0x004223f0,game,implemented,TickPauseMenuSequencerEsiAbi,unclassified,authored,,,,0.00,179,VERIFY_OURS,
0x004224c0,game,implemented,DrawNameEntryGridStackAbi,unclassified,authored,,,,0.00,404,VERIFY_OURS,
0x00422660,game,implemented,DrawReplayRecordScreensStackAbi,unclassified,authored,,,,0.00,1035,VERIFY_OURS,
0x00422a90,game,,sub_422A90,unclassified,,,,,0.00,10,LIB_FREE,
0x00422aa0,game,,sub_422AA0,,,,,,,,UNSOURCED,
0x00422ab0,game,implemented,RunPauseEnterSetupStackAbi,unclassified,authored,,,,0.00,382,VERIFY_OURS,
0x00422c30,game,implemented,ResumeGameFromPauseEsiAbi,unclassified,authored,,,,0.00,74,VERIFY_OURS,
0x00422c80,game,implemented,RunPauseMenuModesStackAbi,unclassified,authored,,,,0.00,1338,VERIFY_OURS,
0x004231d0,game,implemented,RunGameOverPathBStackAbi,unclassified,authored,,,,0.00,411,VERIFY_OURS,
0x00423370,game,implemented,RecordSpellPracticeCaptureEdiAbi,unclassified,authored,,,,0.00,411,VERIFY_OURS,
0x00423510,game,implemented,SeedPostRunReplaySaveModeEsiAbi,unclassified,authored,,,,0.00,89,VERIFY_OURS,
0x00423570,game,implemented,SaveRunHighScoreEntry,unclassified,authored,,,,0.00,377,VERIFY_OURS,
0x004236f0,game,implemented,RunPostRunReplaySaveMenuStackAbi,unclassified,authored,,,,0.00,3227,VERIFY_OURS,
0x004243f0,game,implemented,SetResultEntityStateSixByHandleSlot,unclassified,authored,,,,0.00,65,VERIFY_OURS,
0x00424480,game,implemented,CreateGameOverOverlay,unclassified,authored,,,,0.00,162,VERIFY_OURS,
0x00424590,game,,sub_424590,exact,,th10::leaf::Fn00424590,,src/DecomphelpLeafAccessors.cpp,100.00,4,LIB_FREE,
0x004245a0,game,,sub_4245A0,exact,,th10::leaf::Fn004245A0,,src/DecomphelpLeafAccessors.cpp,100.00,7,LIB_FREE,
0x004245c0,game,,sub_4245C0,,,,,,,,UNSOURCED,
0x004245f0,game,,nullsub_45,exact,,th10::leaf::Fn004245F0,,src/DecomphelpLeafAccessors.cpp,100.00,1,LIB_FREE,
0x00424600,game,,sub_424600,exact,,th10::leaf::Fn00424600,,src/DecomphelpLeafAccessors.cpp,100.00,7,LIB_FREE,
0x00424610,game,,sub_424610,exact,,th10::leaf::Fn00424610,,src/DecomphelpLeafAccessors.cpp,100.00,6,LIB_FREE,
0x00424620,game,implemented,WritePlayerQuadSlotValueEaxEcxAbi,exact,,th10::leaf::Fn00424620,,src/DecomphelpLeafAccessors.cpp,100.00,25,VERIFY_OURS,
0x00424640,game,,sub_424640,exact,,th10::leaf::Fn00424640,,src/DecomphelpLeafAccessors.cpp,100.00,4,LIB_FREE,
0x00424650,game,implemented,ShowCautionText,unclassified,authored,,,,0.00,104,VERIFY_OURS,
0x004246c0,game,implemented,ResetPlayerRecordEsiAbi,unclassified,authored,Player::Player,Player,src/Player.cpp,0.00,244,VERIFY_OURS,
0x004247c0,game,,sub_4247C0,exact,,PlayerTimerView::PlayerTimerView,Player,src/Player.cpp,100.00,7,LIB_FREE,
0x004247d0,game,,sub_4247D0,exact,,PlayerOptionRuntime::PlayerOptionRuntime,Player,src/Player.cpp,100.00,10,LIB_FREE,
0x004247e0,game,,sub_4247E0,exact,,PlayerEffectRowView::PlayerEffectRowView,Player,src/Player.cpp,100.00,7,LIB_FREE,
0x004247f0,game,implemented,InitializePlayerObject,unclassified,authored,PlayerInitialize,Player,src/Player.cpp,0.00,1435,VERIFY_OURS,
0x00424d90,game,implemented,ResetOptionPositionRecordsEsiAbi,exact,authored,PlayerResetRuntimeState,Player,src/Player.cpp,100.00,273,ADOPT_EXACT,
0x00424eb0,game,,sub_424EB0,exact,,th10::leaf::Fn00424EB0,,src/DecomphelpLeafAccessors.cpp,100.00,3,LIB_FREE,
0x00424ec0,game,,sub_424EC0,exact,,th10::leaf::Fn00424EC0,,src/DecomphelpLeafAccessors.cpp,100.00,3,LIB_FREE,
0x00424ed0,game,implemented,DestroyPlayerStateBlockInPlace,unclassified,authored,Player::~Player,Player,src/Player.cpp,0.00,325,VERIFY_OURS,
0x00425020,game,implemented,CreatePlayerStateBlock,unclassified,authored,PlayerCreate,Player,src/Player.cpp,0.00,69,VERIFY_OURS,
0x00425070,,,,excluded,compiler,,Player,,0.00,27,LIB_FREE,
0x00425090,game,implemented,ReleasePlayerStateBlockEsiAbi,unclassified,,,Player,,0.00,18,VERIFY_OURS,
0x004250b0,game,implemented,UpdatePlayerMovementEdiAbi,unclassified,authored,PlayerUpdateMovementAndOptions,Player,src/Player.cpp,0.00,1591,VERIFY_OURS,
0x00425730,game,implemented,UpdatePlayerModeDispatcher,unclassified,authored,PlayerUpdateCallbackBody,Player,src/Player.cpp,0.00,3089,VERIFY_OURS,
0x00426360,game,implemented,RenderAsciiSceneObjectAndBarOverlay,unclassified,authored,PlayerDrawCallbackBody,Player,,0.00,409,VERIFY_OURS,
0x00426500,game,,sub_426500,exact,,PlayerUpdateCallback,Player,src/Player.cpp,100.00,7,LIB_FREE,
0x00426510,game,,sub_426510,unclassified,,PlayerDrawCallback,Player,src/Player.cpp,0.00,7,LIB_FREE,
0x00426520,game,implemented,LoadPlayerShotDataEsiEaxAbi,unclassified,authored,,,,0.00,229,VERIFY_OURS,
0x00426610,game,implemented,ComputeDeathBurstAngleEcxEaxAbi,exact,authored,PlayerAngleToPoint,Player,src/Player.cpp,100.00,67,ADOPT_EXACT,
0x00426660,game,implemented,AngleToPlayerPositionEaxEcxAbi,exact,authored,EnemyAngleFromPlayer,Enemy,src/Enemy.cpp,100.00,67,ADOPT_EXACT,
0x004266b0,game,implemented,CheckEnemyTimeoutRegionEaxEdxEcxAbi,exact,authored,PlayerCollisionPositionView::CheckPlayerCollision,Player,src/PlayerCollision.cpp,100.00,316,ADOPT_EXACT,
0x004267f0,game,implemented,CheckSceneTriggerRotatedRegionEaxEcxStackAbi,unclassified,authored,,,,0.00,471,VERIFY_OURS,
0x004269d0,game,implemented,ProcessPlayerDeathStackAbi,unclassified,authored,,,,0.00,796,VERIFY_OURS,
0x00426cf0,game,implemented,FireSceneTriggerExpireEffect,unclassified,authored,,,,0.00,627,VERIFY_OURS,
0x00426f70,game,implemented,RebuildPlayerOptionRecords,unclassified,authored,RebuildPlayerOptions,Player,src/Player.cpp,0.00,2520,VERIFY_OURS+BOUNDARY_MISMATCH,crt=2494 theirs=2520
0x00427950,game,implemented,UpdateHomingOptionRecord,exact,,PlayerOptionTrailCallback,Player,src/Player.cpp,100.00,12,VERIFY_OURS,
0x00427960,game,implemented,UpdateOptionTrailHistoryEsiAbi,unclassified,,PlayerOptionTrailCallbackBody,Player,,0.00,359,VERIFY_OURS,
0x00427ad0,game,implemented,UpdateAngularOptionRecord,exact,,PlayerOptionSpecialCallback,Player,src/Player.cpp,100.00,12,VERIFY_OURS,
0x00427ae0,game,implemented,UpdatePlayerFocusMotionEdiAbi,exact,,PlayerOptionSpecialCallbackBody,Player,src/Player.cpp,100.00,99,VERIFY_OURS,
0x00427b50,game,implemented,SpawnPlayerSubEffectEcxDxStackAbi,unclassified,authored,,,,0.00,181,VERIFY_OURS,
0x00427c40,game,,sub_427C40,exact,,th10::leaf::Fn00427C40,,src/DecomphelpLeafAccessors.cpp,100.00,4,LIB_FREE,
0x00427c50,game,implemented,FloorfToDoubleStackAbi,exact,authored,PlayerFloor,Player,src/Player.cpp,100.00,21,ADOPT_EXACT,
0x00427c70,game,implemented,IsTimerFrameMultiple,exact,authored,PlayerTimerView::HasIntervalTick,Player,src/Player.cpp,100.00,29,ADOPT_EXACT,
0x00427cb0,game,,sub_427CB0,,,,,,,,UNSOURCED,
0x00427d50,game,implemented,SubtractVec2EaxEcxDxAbi,exact,,th10::leaf::Fn00427D50,,src/DecomphelpLeafAccessors.cpp,100.00,24,VERIFY_OURS,
0x00427d70,game,,sub_427D70,exact,,th10::leaf::Fn00427D70,,src/DecomphelpLeafAccessors.cpp,100.00,6,LIB_FREE,
0x00427d80,,,,exact,,th10::leaf::Fn00427D80,,src/DecomphelpLeafAccessors.cpp,100.00,21,LIB_FREE,
0x00427dc0,game,implemented,AddVec2EaxDxEsiAbi,,,,,,,,,
0x00427df0,game,,sub_427DF0,exact,,th10::leaf::Fn00427DF0,,src/DecomphelpLeafAccessors.cpp,100.00,4,LIB_FREE,
0x00427e00,game,,nullsub_46,exact,,th10::leaf::Fn00427E00,,src/DecomphelpLeafAccessors.cpp,100.00,1,LIB_FREE,
0x00427e10,game,,sub_427E10,exact,,th10::leaf::LeafIdentity00427E10View::Get,,src/DecomphelpLeafAccessors.cpp,100.00,3,LIB_FREE,
0x00427e20,game,implemented,CopyVec2ToDualOutputsEaxEcxDxAbi,exact,,th10::leaf::Fn00427E20,,src/DecomphelpLeafAccessors.cpp,100.00,23,VERIFY_OURS,
0x00427e40,,,,exact,,th10::leaf::Fn00427E40,,src/DecomphelpLeafAccessors.cpp,100.00,14,LIB_FREE,
0x00427e90,game,implemented,SpawnPlayerShotStackAbi,unclassified,authored,,,,0.00,717,VERIFY_OURS,
0x00428160,game,implemented,FireScheduledShotsEdiBbxAbi,unclassified,authored,,,,0.00,105,VERIFY_OURS,
0x004281d0,game,implemented,TickItemMagnetEaxAbi,unclassified,authored,,,,0.00,174,VERIFY_OURS,
0x00428280,game,implemented,UpdatePlayerProjectilesStackAbi,unclassified,authored,PlayerUpdateShots,Player,src/Player.cpp,0.00,876,VERIFY_OURS,
0x004285f0,,,,unclassified,,,Player,,0.00,55,LIB_FREE,
0x00428630,game,implemented,ComputeEnemyDamageFromPlayerAttacksStackAbi,unclassified,authored,Player::CalculateDamageToTarget,Player,src/Player.cpp,0.00,1170,VERIFY_OURS,
0x00428ad0,game,implemented,AcquireHomingTargetEcxEdxStackAbi,unclassified,,,Player,,0.00,53,VERIFY_OURS,
0x00428b10,game,implemented,TickHomingShotMovementEdxAbi,unclassified,authored,,Player,,0.00,266,VERIFY_OURS,
0x00428c20,game,implemented,SetHomingSlotAnchorEaxEcxDxStackAbi,unclassified,,,,,0.00,125,VERIFY_OURS,
0x00428ce0,game,implemented,WrapAngleDeltaStackAbi,,,,,,,,,
0x00428d60,,,,exact,,th10::leaf::Fn00428D60,,src/DecomphelpLeafAccessors.cpp,100.00,4,LIB_FREE,
0x00428d70,game,implemented,IsOutsidePlayfieldBox,exact,authored,PlayerShotBoundsView::IsOutsidePlayfield,Player,src/Player.cpp,100.00,91,ADOPT_EXACT,
0x00428dd0,game,implemented,ShiftVmTimerBack,unclassified,,,,,0.00,20,VERIFY_OURS,
0x00428e10,game,implemented,PublishSelectedRunStatsEaxEcxAbi,unclassified,authored,,,,0.00,83,VERIFY_OURS,
0x00428e70,,,,exact,,th10::leaf::Fn00428E70,,src/DecomphelpLeafAccessors.cpp,100.00,14,LIB_FREE,
0x00428ec0,,,,exact,,th10::leaf::Fn00428EC0,,src/DecomphelpLeafAccessors.cpp,100.00,24,LIB_FREE,
0x00428ee0,,,,exact,,th10::leaf::Fn00428EE0,,src/DecomphelpLeafAccessors.cpp,100.00,24,LIB_FREE,
0x00428f00,,,,exact,,th10::leaf::Fn00428F00,,src/DecomphelpLeafAccessors.cpp,100.00,24,LIB_FREE,
0x00428f20,,,,exact,,th10::leaf::Fn00428F20,,src/DecomphelpLeafAccessors.cpp,100.00,4,LIB_FREE,
0x00428f60,game,implemented,SetupReplayGameContextEaxEcxAbi,unclassified,authored,ReplayManager::Initialize,Replay,src/ReplayManager.cpp,0.00,1344,VERIFY_OURS,
0x004294a0,game,implemented,DestroyGameModeObjectInPlace,unclassified,authored,ReplayManager::~ReplayManager,,src/ReplayManager.cpp,0.00,367,VERIFY_OURS,
0x00429610,game,implemented,DestroyReplayGameContextRecord,unclassified,authored,ReplayManager::Create,,src/ReplayManager.cpp,0.00,185,VERIFY_OURS,
0x004296d0,,,,excluded,compiler,,,,0.00,27,LIB_FREE,
0x004296f0,game,implemented,ParseDemoRecordEsiStackAbi,unclassified,authored,ReplayManager::Load,,src/ReplayManager.cpp,0.00,181,VERIFY_OURS,
0x004297b0,game,implemented,DestroyDemoRecordEsiAbi,unclassified,authored,ReplayManager::Destroy,,src/ReplayManager.cpp,0.00,18,VERIFY_OURS,
0x004297d0,game,implemented,TickReplayContextTimers4297d0,unclassified,authored,ReplayManager::ProcessFrame,,src/ReplayManager.cpp,0.00,596,VERIFY_OURS,
0x00429a30,,,,unclassified,,,Replay,,0.00,58,LIB_FREE,
0x00429a70,game,implemented,DrawDifficultyLabelEaxEdxAbi,unclassified,authored,,Replay,,0.00,182,VERIFY_OURS,
0x00429b30,,,,unclassified,,,Replay,,0.00,36,LIB_FREE,
0x00429b60,game,implemented,CommitReplaySave,unclassified,authored,ReplayManager::SaveReplay,,src/ReplayManager.cpp,0.00,1681,VERIFY_OURS,
0x0042a200,game,implemented,LoadReplayViewRecord,unclassified,authored,ReplayManager::LoadReplay,Replay,src/ReplayManager.cpp,0.00,450,VERIFY_OURS,
0x0042a3d0,game,,sub_42A3D0,unclassified,,,Replay,,0.00,10,LIB_FREE,
0x0042a3e0,game,implemented,RunReplayContextChainCallback,unclassified,,,Replay,,0.00,68,VERIFY_OURS,
0x0042a430,game,implemented,RunReplayContextKeepAliveGate,unclassified,,,Replay,,0.00,28,VERIFY_OURS,
0x0042a450,game,implemented,ApplyOptionPositionStateEbxAbi,unclassified,authored,ReplayManager::BeginStage,Replay,src/ReplayManager.cpp,0.00,582,VERIFY_OURS,
0x0042a6a0,game,implemented,PrepareReplaySceneReuse,unclassified,authored,,,,0.00,356,VERIFY_OURS,
0x0042a810,game,,sub_42A810,exact,,th10::leaf::Fn0042A810,,src/DecomphelpLeafAccessors.cpp,100.00,7,LIB_FREE,
0x0042a820,game,implemented,ComputeReplayFrameOffsetDeltaEcxAbi,exact,,th10::leaf::Fn0042A820,,src/DecomphelpLeafAccessors.cpp,100.00,14,VERIFY_OURS,
0x0042a8a0,game,implemented,WriteReplayFrameWordTripleEaxEdxStackAbi,unclassified,authored,,,,0.00,85,VERIFY_OURS,
0x0042a930,game,implemented,RestoreReplayGameContext,exact,authored,GameScoreStateView::SetTimerCurrent,ItemManager,src/ItemManager.cpp,100.00,59,ADOPT_EXACT,
0x0042a970,game,,sub_42A970,exact,,th10::leaf::Fn0042A970,,src/DecomphelpLeafAccessors.cpp,100.00,4,LIB_FREE,
0x0042a980,game,,sub_42A980,exact,,th10::leaf::Fn0042A980,,src/DecomphelpLeafAccessors.cpp,100.00,4,LIB_FREE,
0x0042a990,game,implemented,SnapshotReplayFrameFieldsEaxAbi,exact,,th10::leaf::Fn0042A990,,src/DecomphelpLeafAccessors.cpp,100.00,19,VERIFY_OURS,
0x0042a9b0,game,,sub_42A9B0,exact,,th10::leaf::Fn0042A9B0,,src/DecomphelpLeafAccessors.cpp,100.00,6,LIB_FREE,
0x0042a9c0,game,,sub_42A9C0,exact,,th10::leaf::Fn0042A9C0,,src/DecomphelpLeafAccessors.cpp,100.00,8,LIB_FREE,
0x0042a9d0,game,,sub_42A9D0,exact,,th10::leaf::Fn0042A9D0,,src/DecomphelpLeafAccessors.cpp,100.00,4,LIB_FREE,
0x0042a9e0,,,,exact,,th10::leaf::Fn0042A9E0,,src/DecomphelpLeafAccessors.cpp,100.00,16,LIB_FREE,
0x0042aa10,game,implemented,InitializeReplayHeaderDefaultsEaxAbi,,,,,,,,,
0x0042aa50,game,implemented,AllocateGameModeChainEntryEsiStackAbi,unclassified,authored,,,,0.00,139,VERIFY_OURS,
0x0042ab20,game,implemented,FreeGameModeChainEntriesEaxEcxAbi,unclassified,authored,,,,0.00,93,VERIFY_OURS,
0x0042ac10,game,,nullsub_47,exact,,th10::leaf::Fn0042AC10,,src/DecomphelpLeafAccessors.cpp,100.00,1,LIB_FREE,
0x0042ac20,game,implemented,ResetReplayFrameRecordEcxAbi,,,,,,,,,
0x0042ac60,game,implemented,UnlinkGameModeChainRecordInPlace,,,,,,,,,
0x0042acb0,game,implemented,InitializeScoreStageSlotStackStackAbi,unclassified,authored,,,,0.00,274,VERIFY_OURS,
0x0042add0,game,implemented,InitializeClearDataRegionEdxAbi,unclassified,authored,,,,0.00,142,VERIFY_OURS,
0x0042ae60,game,implemented,InitializeScoreSaveStateEaxAbi,unclassified,authored,,,,0.00,132,VERIFY_OURS,
0x0042af20,game,implemented,CreateScoreSaveState,unclassified,authored,,,,0.00,97,VERIFY_OURS,
0x0042af90,,implemented,DestroyScoreSaveStateGlobal,,,,,,,,,
0x0042afe0,,implemented,ReleaseScoreSaveStateEsiStackAbi,,,,,,,,,
0x0042b030,game,implemented,LoadScoreRecordFileEbx,unclassified,authored,,,,0.00,423,VERIFY_OURS,
0x0042b1e0,game,implemented,SaveScoreRecordFileEbx,unclassified,authored,,,,0.00,564,VERIFY_OURS,
0x0042b420,game,,nullsub_48,exact,,th10::leaf::Fn0042B420,,src/DecomphelpLeafAccessors.cpp,100.00,1,LIB_FREE,
0x0042b430,game,implemented,InitializeTextEffectOwnerEdxAbi,unclassified,,,,,0.00,134,VERIFY_OURS,
0x0042b4c0,game,,sub_42B4C0,,,,,,,,UNSOURCED,
0x0042b4d0,game,implemented,RegisterTextEffectOwnerSchedulerRecordsEaxAbi,unclassified,authored,,,,0.00,145,VERIFY_OURS,
0x0042b570,game,implemented,DestroyMainChainObject840InPlace,unclassified,authored,,,,0.00,232,VERIFY_OURS,
0x0042b660,game,implemented,CreateTextEffectOwner,unclassified,authored,,,,0.00,71,VERIFY_OURS,
0x0042b6d0,game,implemented,ReleaseMainChainObject840EsiAbi,,,,,,,,,
0x0042b6f0,,implemented,TickTextEffectRecordsEaxAbi,unclassified,,,,,0.00,134,VERIFY_OURS,
0x0042b780,game,implemented,DrawTextEffectRecordsEdiAbi,unclassified,authored,,,,0.00,540,VERIFY_OURS,
0x0042b9b0,game,,sub_42B9B0,,,,,,,,UNSOURCED,
0x0042b9c0,game,implemented,AddTextEffectNumberEcxEaxEdiStackAbi,unclassified,authored,ItemPopupOwnerView::EmitValuePopup,ItemPopup,src/ItemManager.cpp,0.00,167,VERIFY_OURS,
0x0042ba70,game,implemented,SetStageEntityField4cRaiseFlag3EaxStackAbi,,,,,,,,,
0x0042ba90,game,,sub_42BA90,,,,,,,,UNSOURCED,
0x0042baa0,game,,sub_42BAA0,,,,,,,,UNSOURCED,
0x0042bab0,game,,nullsub_49,exact,,th10::leaf::Fn0042BAB0,,src/DecomphelpLeafAccessors.cpp,100.00,1,LIB_FREE,
0x0042bad0,game,implemented,ReleaseScriptTestMenuFileNamesEsiAbi,,,,,,,,,
0x0042bb30,game,implemented,InitializeScriptTestManagerEdxAbi,,,,,,,,,
0x0042bbd0,game,implemented,RegisterScriptTestSchedulerRecordsEbxAbi,,,,,,,,,
0x0042bc30,game,implemented,DestroyScriptTestMenuStackAbi,,,,,,,,,
0x0042be10,game,implemented,RunScriptTestLoadContinuation,,,,,,,,,
0x0042be20,game,implemented,RunScriptTestLoadContinuationBody,,,,,,,,,
0x0042bf30,game,implemented,CreateScriptTestManager,,,,,,,,,
0x0042bf80,,implemented,DeleteScriptTestMenuEsiStackAbi,,,,,,,,,
0x0042bfa0,,implemented,ReleaseScriptTestMenuEsiAbi,,,,,,,,,
0x0042bfc0,game,implemented,UpdateScriptTestMenuEcxAbi,,,,,,,,,
0x0042c360,game,implemented,DrawScriptTestMenuEdiAbi,unclassified,authored,,,,0.00,531,VERIFY_OURS,
0x0042c580,thunk,,sub_42C580,,,,,,,,LIB_FREE,
0x0042c590,game,,sub_42C590,,,,,,,,UNSOURCED,
0x0042c5a0,game,,nullsub_50,exact,,th10::leaf::Fn0042C5A0,,src/DecomphelpLeafAccessors.cpp,100.00,1,LIB_FREE,
0x0042c5b0,game,,sub_42C5B0,,,,,,,,UNSOURCED,
0x0042c5c0,game,implemented,SetGameManagerState,exact,authored,FrontEndControllerView::SetScreenTarget,FrontEnd,src/FrontEnd.cpp,100.00,83,ADOPT_EXACT,
0x0042c620,game,implemented,SetGameManagerSubState,exact,authored,FrontEndControllerView::SetScreenStateTarget,FrontEnd,src/FrontEnd.cpp,100.00,80,ADOPT_EXACT,
0x0042c670,game,implemented,SpawnManagerEntityFromScript,unclassified,authored,,,,0.00,95,VERIFY_OURS,
0x0042c6d0,game,implemented,ReleaseManagerSlotEntity,exact,authored,FrontEndDeleteVm,FrontEnd,src/FrontEnd.cpp,100.00,83,ADOPT_EXACT,
0x0042c730,game,,sub_42C730,unclassified,,,,,0.00,27,LIB_FREE,
0x0042c750,game,implemented,Call42C750,unclassified,,,,,0.00,27,VERIFY_OURS,
0x0042c770,game,implemented,SetManagerSlotEntityStopWord,unclassified,authored,,,,0.00,65,VERIFY_OURS,
0x0042c7c0,game,,sub_42C7C0,,,,,,,,UNSOURCED,
0x0042c830,game,,sub_42C830,exact,,th10::leaf::Fn0042C830,,src/DecomphelpLeafAccessors.cpp,100.00,7,LIB_FREE,
0x0042c850,game,implemented,IsScoreUnlockBankActiveEaxAbi,unclassified,authored,,,,0.00,69,VERIFY_OURS,
0x0042c8c0,game,implemented,InitializeStageFlagByteTableEaxAbi,unclassified,,,,,0.00,93,VERIFY_OURS,
0x0042c920,game,implemented,ConstructGameManagerInPlace,unclassified,,,,,0.00,204,VERIFY_OURS,
0x0042c9f0,game,implemented,GameManagerWorkerThread,,,,,,,,,
0x0042caa0,game,implemented,InstallGameManagerWorkerChannels,unclassified,authored,,,,0.00,192,VERIFY_OURS,
0x0042cb60,game,implemented,TeardownGameManagerInPlace,unclassified,authored,,,,0.00,491,VERIFY_OURS,
0x0042cd50,game,implemented,CreateGameManager,unclassified,authored,,,,0.00,96,VERIFY_OURS,
0x0042cdb0,game,implemented,DestroyGameManager,unclassified,,,,,0.00,18,VERIFY_OURS,
0x0042cdf0,game,implemented,RunGameManagerCalculationBody,unclassified,authored,FrontEndControllerView::Update,FrontEnd,src/FrontEnd.cpp,0.00,1128,VERIFY_OURS+BOUNDARY_MISMATCH,crt=1059 theirs=1128
0x0042d260,,implemented,RunGameManagerDrawBody,unclassified,authored,FrontEndControllerView::Draw,FrontEnd,src/FrontEnd.cpp,0.00,116,VERIFY_OURS,
0x0042d2e0,game,implemented,GameManagerCalculationChannel,exact,,FrontEndUpdateCallback,FrontEnd,src/FrontEnd.cpp,100.00,7,VERIFY_OURS,
0x0042d2f0,game,implemented,GameManagerDrawChannel,exact,,FrontEndDrawCallback,FrontEnd,src/FrontEnd.cpp,100.00,7,VERIFY_OURS,
0x0042d300,game,implemented,RunManagerStateBody1,unclassified,authored,,,,0.00,268,VERIFY_OURS,
0x0042d420,game,implemented,RunManagerStateBody2,unclassified,authored,,,,0.00,1195,VERIFY_OURS,
0x0042d920,game,implemented,RunManagerStateBody4,unclassified,authored,FrontEndControllerView::UpdateOptions,FrontEnd,src/FrontEnd.cpp,0.00,3188,VERIFY_OURS+BOUNDARY_MISMATCH,crt=3168 theirs=3188
0x0042e5a0,game,implemented,RefreshAudioOptionPresentationEdiAbi,unclassified,authored,FrontEndControllerView::RefreshOptionsDisplay,FrontEnd,src/FrontEnd.cpp,0.00,3999,VERIFY_OURS,
0x0042f540,game,implemented,UpdateResultScreenStateMachineEbxAbi,unclassified,authored,FrontEndControllerView::UpdateKeyConfig,FrontEnd,src/FrontEnd.cpp,0.00,880,VERIFY_OURS+BOUNDARY_MISMATCH,crt=859 theirs=880
0x0042f8b0,game,implemented,UpdateResultScreenStatDigitsEaxAbi,unclassified,authored,FrontEndControllerView::RefreshKeyConfigDisplay,FrontEnd,src/FrontEnd.cpp,0.00,2452,VERIFY_OURS,
0x00430250,game,implemented,SetResultScreenStatFieldEaxEdxEcxAbi,unclassified,authored,FrontEndControllerView::AssignKeyConfigBinding,FrontEnd,src/FrontEnd.cpp,0.00,200,VERIFY_OURS,
0x00430320,game,implemented,RunManagerStateBody6,unclassified,authored,FrontEndControllerView::UpdateDifficulty,FrontEnd,src/FrontEnd.cpp,0.00,888,VERIFY_OURS+BOUNDARY_MISMATCH,crt=865 theirs=888
0x004306a0,game,implemented,RunManagerStateBody7,unclassified,authored,FrontEndControllerView::UpdateCharacter,FrontEnd,src/FrontEnd.cpp,0.00,956,VERIFY_OURS+BOUNDARY_MISMATCH,crt=936 theirs=956
0x00430a60,game,implemented,RunManagerStateBody8,unclassified,authored,FrontEndControllerView::UpdateShotType,FrontEnd,src/FrontEnd.cpp,0.00,1424,VERIFY_OURS+BOUNDARY_MISMATCH,crt=1403 theirs=1424
0x00430ff0,game,implemented,RunManagerStateBody9,unclassified,authored,FrontEndControllerView::UpdateStage,FrontEnd,src/FrontEnd.cpp,0.00,1052,VERIFY_OURS+BOUNDARY_MISMATCH,crt=1031 theirs=1052
0x00431410,game,implemented,RunManagerDrawBody9,unclassified,authored,FrontEndControllerView::DrawStageScores,FrontEnd,src/FrontEnd.cpp,0.00,419,VERIFY_OURS,
0x004315c0,game,implemented,RunManagerStateBodyC,unclassified,authored,FrontEndControllerView::UpdateReplay,FrontEnd,src/FrontEnd.cpp,0.00,1492,VERIFY_OURS+BOUNDARY_MISMATCH,crt=1466 theirs=1492
0x00431ba0,game,implemented,RunManagerDrawBodyC,unclassified,authored,FrontEndControllerView::DrawReplay,FrontEnd,src/FrontEnd.cpp,0.00,825,VERIFY_OURS,
0x00431ee0,game,implemented,RunManagerStateBodyB,unclassified,authored,FrontEndControllerView::UpdatePractice,FrontEnd,src/FrontEnd.cpp,0.00,1968,VERIFY_OURS+BOUNDARY_MISMATCH,crt=1949 theirs=1968
0x00432690,game,implemented,RefreshStateBSelection,unclassified,authored,FrontEndControllerView::RefreshPracticeRecords,FrontEnd,src/FrontEnd.cpp,0.00,850,VERIFY_OURS,
0x004329f0,game,implemented,RunManagerDrawBodyB,unclassified,authored,FrontEndControllerView::DrawPractice,FrontEnd,src/FrontEnd.cpp,0.00,689,VERIFY_OURS,
0x00432cb0,game,implemented,RunManagerStateBodyF,unclassified,authored,FrontEndControllerView::UpdateScoreEntry,FrontEnd,src/FrontEnd.cpp,0.00,1400,VERIFY_OURS+BOUNDARY_MISMATCH,crt=1382 theirs=1400
0x00433230,game,implemented,RunManagerDrawBodyF,unclassified,authored,FrontEndControllerView::DrawScoreEntry,FrontEnd,src/FrontEnd.cpp,0.00,826,VERIFY_OURS,
0x00433570,game,implemented,RunManagerStateBody10,unclassified,authored,,,,0.00,1440,VERIFY_OURS,
0x00433b30,game,implemented,RunManagerDrawBody10,unclassified,authored,,,,0.00,955,VERIFY_OURS,
0x00433ef0,game,implemented,RunManagerStateBodyE,unclassified,authored,,,,0.00,2778,VERIFY_OURS,
0x004349e0,game,implemented,SkipLineBreaksEaxEdxAbi,unclassified,authored,,,,0.00,59,VERIFY_OURS,
0x00434a20,game,implemented,TrimLineAtNewlineEcxEdiStackAbi,unclassified,authored,,,,0.00,92,VERIFY_OURS,
0x00434a80,game,implemented,BeginManagerVectorTweenEdxCcxStackAbi,unclassified,authored,,,,0.00,206,VERIFY_OURS,
0x00434b60,game,,sub_434B60,,,,,,,,UNSOURCED,
0x00434b70,game,,sub_434B70,exact,,th10::leaf::Fn00434B70,,src/DecomphelpLeafAccessors.cpp,100.00,11,LIB_FREE,
0x00434b90,game,,sub_434B90,exact,,th10::leaf::Fn00434B90,,src/DecomphelpLeafAccessors.cpp,100.00,5,LIB_FREE,
0x00434ba0,game,implemented,ToggleMenuFlag0x10AlCcxAbi,,,,,,,,,
0x00434bc0,game,implemented,AppendDisabledMenuRowEaxEdxAbi,exact,,th10::leaf::Fn00434BC0,,src/DecomphelpLeafAccessors.cpp,100.00,20,VERIFY_OURS,
0x00434be0,game,,sub_434BE0,exact,,th10::leaf::Fn00434BE0,,src/DecomphelpLeafAccessors.cpp,100.00,8,LIB_FREE,
0x00434bf0,game,,sub_434BF0,exact,,th10::leaf::Fn00434BF0,,src/DecomphelpLeafAccessors.cpp,100.00,11,LIB_FREE,
0x00434c00,game,,nullsub_51,exact,,th10::leaf::Fn00434C00,,src/DecomphelpLeafAccessors.cpp,100.00,1,LIB_FREE,
0x00434c10,game,implemented,ZeroFillReaderSlotEcxAbi,exact,authored,PbgArchive::PbgArchive,,src/PbgArchive.cpp,100.00,16,ADOPT_EXACT,
0x00434c20,game,,sub_434C20,exact,authored,PbgArchive::~PbgArchive,,src/PbgArchive.cpp,100.00,10,IMPORT_EXACT,
0x00434c30,game,implemented,OpenArchiveReaderOnPathEaxCcxAbi,unclassified,authored,PbgArchive::Load,,src/PbgArchive.cpp,0.00,108,VERIFY_OURS,
0x00434ca0,,,,unclassified,authored,PbgArchive::LoadFromResource,,src/PbgArchive.cpp,0.00,100,THEIR_DRAFT_ONLY,
0x00434d10,game,implemented,ReleaseVersionDataSlotEsiAbi,exact,authored,PbgArchive::Release,,src/PbgArchive.cpp,100.00,86,ADOPT_EXACT,
0x00434d70,game,implemented,ReleaseArchiveEntryArrayEsiAbi,excluded,compiler,,,,0.00,93,CONFLICT_EXCLUDED,
0x00434dd0,game,implemented,DecodePackedSectionEcxStackAbi,unclassified,authored,PbgArchive::ReadDecompressEntry,,src/PbgArchive.cpp,0.00,281,VERIFY_OURS,
0x00434ef0,game,implemented,FindArchiveLeafEntryInsensitiveEaxEbxAbi,exact,authored,PbgArchive::GetEntryDecompressedSize,,src/PbgArchive.cpp,100.00,51,ADOPT_EXACT,
0x00434f30,game,implemented,FindSectionEntryByNameEaxEbxAbi,exact,authored,PbgArchive::FindEntry,,src/PbgArchive.cpp,100.00,53,ADOPT_EXACT,
0x00434f70,game,implemented,DecodeArchiveIndex,unclassified,authored,PbgArchive::ParseHeader,,src/PbgArchive.cpp,0.00,350,VERIFY_OURS,
0x004350d0,game,implemented,BuildArchiveEntries,unclassified,authored,PbgArchive::AllocEntries,,src/PbgArchive.cpp,0.00,327,VERIFY_OURS,
0x00435220,game,implemented,GameDuplicateString,exact,authored,PbgArchive::CopyFileName,,src/PbgArchive.cpp,100.00,47,ADOPT_EXACT,
0x00435250,game,implemented,ReleaseArchiveEntryStringEcxAbi,exact,authored,PbgArchiveEntry::~PbgArchiveEntry,,src/PbgArchive.cpp,100.00,26,ADOPT_EXACT,
0x00435270,game,implemented,AdvanceArchiveIndexCursorEaxAbi,exact,authored,PbgArchive::SeekPastInt,,src/PbgArchive.cpp,100.00,12,ADOPT_EXACT,
0x00435280,,,,exact,authored,PbgArchive::SeekPastString,,src/PbgArchive.cpp,100.00,51,IMPORT_EXACT,
0x004352c0,library,,unknown_libname_39,exact,authored,PbgArchiveEntry::PbgArchiveEntry,,src/PbgArchive.cpp,100.00,9,IMPORT_EXACT,
0x004352d0,game,,nullsub_52,exact,,th10::leaf::Fn004352D0,,src/DecomphelpLeafAccessors.cpp,100.00,1,LIB_FREE,
0x004352e0,game,,nullsub_53,exact,,th10::leaf::Fn004352E0,,src/DecomphelpLeafAccessors.cpp,100.00,1,LIB_FREE,
0x004352f0,game,,nullsub_54,exact,,th10::leaf::Fn004352F0,,src/DecomphelpLeafAccessors.cpp,100.00,1,LIB_FREE,
0x00435300,game,implemented,ConstructOsFileReaderEaxAbi,exact,authored,CPbgFile::CPbgFile,,src/PbgFile.cpp,100.00,21,ADOPT_EXACT,
0x00435320,game,implemented,DestroyOsFileReaderEcxAbi,excluded,compiler,,,,0.00,30,CONFLICT_EXCLUDED,
0x00435340,game,implemented,CloseOsFileReaderEcxAbi,exact,authored,CPbgFile::~CPbgFile,,src/PbgFile.cpp,100.00,46,ADOPT_EXACT,
0x00435370,game,implemented,OpenOsFileReaderEcxStackAbi,exact,authored,CPbgFile::Open,,src/PbgFile.cpp,100.00,239,ADOPT_EXACT,
0x00435460,game,implemented,CloseArchiveReaderFile,exact,authored,CPbgFile::Close,,src/PbgFile.cpp,100.00,34,ADOPT_EXACT,
0x00435490,game,implemented,ReadOsFileReaderEcxAbi,exact,authored,CPbgFile::Read,,src/PbgFile.cpp,100.00,57,ADOPT_EXACT,
0x004354d0,game,implemented,WriteArchiveReader,exact,authored,CPbgFile::Write,,src/PbgFile.cpp,100.00,63,ADOPT_EXACT,
0x00435510,game,implemented,TellArchiveReaderPosition,exact,authored,CPbgFile::Tell,,src/PbgFile.cpp,100.00,25,ADOPT_EXACT,
0x00435530,game,implemented,GetArchiveReaderFileSize,exact,authored,CPbgFile::GetSize,,src/PbgFile.cpp,100.00,21,ADOPT_EXACT,
0x00435550,game,implemented,SeekOsFileReaderEcxAbi,exact,authored,CPbgFile::Seek,,src/PbgFile.cpp,100.00,37,ADOPT_EXACT,
0x00435580,game,implemented,ReadWholeArchiveReaderFile,exact,authored,CPbgFile::ReadWholeFile,,src/PbgFile.cpp,100.00,137,ADOPT_EXACT,
0x00435610,game,implemented,ResolveLeafPathEcxStackAbi,exact,authored,CPbgFile::GetFullFilePath,,src/PbgFile.cpp,100.00,121,ADOPT_EXACT,
0x00435690,game,,sub_435690,exact,,IPbgFile::~IPbgFile,,src/PbgFile.cpp,100.00,7,LIB_FREE,
0x004356a0,game,implemented,ReleaseReaderBaseObjectEcxAbi,excluded,compiler,,,,0.00,31,CONFLICT_EXCLUDED,
0x004356c0,game,,sub_4356C0,unclassified,,IPbgFile::IPbgFile,,,0.00,7,LIB_FREE,
0x004356d0,,,,unclassified,,,,,0.00,20,LIB_FREE,
0x004356f0,game,implemented,FindArchiveRecordByPathEcxAbi,unclassified,authored,,,,0.00,212,VERIFY_OURS,
0x004357d0,,,,unclassified,authored,,,,0.00,36,THEIR_DRAFT_ONLY,
0x00435800,game,implemented,ReadLeafArchiveOrFileEcxStackAbi,unclassified,authored,,,,0.00,214,VERIFY_OURS,
0x004358e0,game,implemented,GetLeafSizeArchiveOrFileEcxAbi,unclassified,authored,,,,0.00,190,VERIFY_OURS,
0x004359a0,game,,sub_4359A0,exact,,th10::leaf::Fn004359A0,,src/DecomphelpLeafAccessors.cpp,100.00,4,LIB_FREE,
0x004359b0,game,implemented,CompressReplayImageStdcallAbi,exact,authored,CompressData,,src/Lzss.cpp,100.00,1029,ADOPT_EXACT,
0x00435dc0,game,implemented,DecompressPackedBytes,unclassified,authored,DecompressData,,src/Decompress.cpp,0.00,475,VERIFY_OURS,
0x00435fa0,game,implemented,MarkArchiveSlotPendingEaxAbi,exact,authored,Lzss::InitTree,,src/Lzss.cpp,100.00,36,ADOPT_EXACT,
0x00435fd0,,,,exact,authored,Lzss::InitEncoderState,,src/Lzss.cpp,100.00,42,IMPORT_EXACT,
0x00436000,game,implemented,InsertMatchNodeEcxEdxStackAbi,exact,authored,Lzss::AddString,,src/Lzss.cpp,100.00,516,ADOPT_EXACT,
0x00436210,game,implemented,DeleteMatchNodeEcxAbi,exact,authored,Lzss::DeleteString,,src/Lzss.cpp,100.00,80,ADOPT_EXACT,
0x00436260,game,implemented,SpliceChildUpEdxEsiAbi,exact,authored,Lzss::ContractNode,,src/Lzss.cpp,100.00,79,ADOPT_EXACT,
0x004362b0,game,implemented,SpliceReplacementEaxEcxAbi,exact,authored,Lzss::ReplaceNode,,src/Lzss.cpp,100.00,117,ADOPT_EXACT,
0x00436330,game,implemented,FindRightmostLeftDescendantEaxAbi,exact,authored,Lzss::FindNextNode,,src/Lzss.cpp,100.00,49,ADOPT_EXACT,
0x00436370,game,,sub_436370,exact,authored,CMemoryPbgFile::Write,,src/ResFile.cpp,100.00,5,IMPORT_EXACT,
0x00436380,game,implemented,ConstructMemoryReaderEaxAbi,exact,authored,CMemoryPbgFile::CMemoryPbgFile,,src/ResFile.cpp,100.00,18,ADOPT_EXACT,
0x004363a0,game,implemented,DestroyMemoryReaderEcxAbi,excluded,compiler,,,,0.00,30,CONFLICT_EXCLUDED,
0x004363c0,game,implemented,CloseMemoryReaderEcxAbi,exact,authored,CMemoryPbgFile::~CMemoryPbgFile,,src/ResFile.cpp,100.00,49,ADOPT_EXACT,
0x00436400,game,implemented,OpenMemoryReaderEcxStackAbi,exact,authored,CMemoryPbgFile::Open,ResFile,src/ResFile.cpp,100.00,46,ADOPT_EXACT,
0x00436430,game,implemented,ReleaseMemoryReaderBufferEcxAbi,exact,authored,CMemoryPbgFile::Close,,src/ResFile.cpp,100.00,37,ADOPT_EXACT,
0x00436460,game,implemented,ReadMemoryReaderEcxAbi,exact,authored,CMemoryPbgFile::Read,,src/ResFile.cpp,100.00,108,ADOPT_EXACT,
0x004364d0,game,,sub_4364D0,exact,authored,CMemoryPbgFile::Tell,,src/ResFile.cpp,100.00,7,IMPORT_EXACT,
0x004364e0,game,,sub_4364E0,exact,authored,CMemoryPbgFile::GetSize,,src/ResFile.cpp,100.00,4,IMPORT_EXACT,
0x004364f0,game,implemented,SeekMemoryReaderEcxAbi,unclassified,authored,CMemoryPbgFile::Seek,,src/ResFile.cpp,0.00,107,VERIFY_OURS,
0x00436560,,,,exact,,th10::leaf::Fn00436560,,src/DecomphelpLeafAccessors.cpp,100.00,9,LIB_FREE,
0x00436570,game,implemented,SpawnConsoleProcessEdxStackAbi,unclassified,,,,,0.00,201,VERIFY_OURS,
0x00436640,game,implemented,ConstructResourceReaderEaxAbi,exact,,th10::leaf::Fn00436640,,src/DecomphelpLeafAccessors.cpp,100.00,18,VERIFY_OURS,
0x00436660,game,implemented,DestroyResourceReaderEcxAbi,excluded,compiler,,,,0.00,30,CONFLICT_EXCLUDED,
0x00436680,game,implemented,CloseResourceReaderEcxAbi,unclassified,,,,,0.00,49,VERIFY_OURS,
0x004366c0,game,implemented,OpenResourceReaderEcxStackAbi,unclassified,authored,CWin32ResourcePbgFile::Open,,src/ResFile.cpp,0.00,168,VERIFY_OURS,
0x00436770,game,implemented,CopySingleByteCdeclAbi,,,,,,,,,
0x004367a0,game,implemented,CopyByteBlockCdeclAbi,,,,,,,,,
0x004367d0,thunk,,j__memcpy,,,,,,,,LIB_FREE,
0x004367e0,game,,sub_4367E0,exact,,th10::leaf::Fn004367E0,,src/DecomphelpLeafAccessors.cpp,100.00,11,LIB_FREE,
0x004367f0,game,,sub_4367F0,exact,,th10::leaf::Fn004367F0,,src/DecomphelpLeafAccessors.cpp,100.00,3,LIB_FREE,
0x00436800,game,,sub_436800,exact,,th10::leaf::Fn00436800,,src/DecomphelpLeafAccessors.cpp,100.00,7,LIB_FREE,
0x00436810,game,,sub_436810,exact,,th10::leaf::Fn00436810,,src/DecomphelpLeafAccessors.cpp,100.00,7,LIB_FREE,
0x00436820,game,,sub_436820,exact,,th10::leaf::Fn00436820,,src/DecomphelpLeafAccessors.cpp,100.00,7,LIB_FREE,
0x00436830,game,,sub_436830,exact,,th10::leaf::Fn00436830,,src/DecomphelpLeafAccessors.cpp,100.00,7,LIB_FREE,
0x00436840,game,,sub_436840,exact,,th10::leaf::Fn00436840,,src/DecomphelpLeafAccessors.cpp,100.00,7,LIB_FREE,
0x00436850,game,,sub_436850,exact,,th10::leaf::Fn00436850,,src/DecomphelpLeafAccessors.cpp,100.00,7,LIB_FREE,
0x00436860,,,,exact,,th10::leaf::Fn00436860,,src/DecomphelpLeafAccessors.cpp,100.00,14,LIB_FREE,
0x00436890,game,implemented,InitializeGdiTextRecordEaxAbi,,,,,,,,,
0x004369e0,game,implemented,ResetGdiSurfaceRecordEaxAbi,exact,,th10::leaf::Fn004369E0,,src/DecomphelpLeafAccessors.cpp,100.00,49,VERIFY_OURS,
0x00436a20,thunk,,sub_436A20,,,,,,,,LIB_FREE,
0x00436a30,game,implemented,ReleaseGdiSurfaceDcEsiAbi,unclassified,authored,,,,0.00,107,VERIFY_OURS,
0x00436af0,game,implemented,ConstructGeneratedSurfaceEaxAbi,unclassified,authored,,,,0.00,421,VERIFY_OURS,
0x00436ca0,game,implemented,TintGeneratedSurfacePixels,unclassified,authored,,,,0.00,72,VERIFY_OURS,
0x00436d30,game,implemented,AccumulateSurfacePixelHitEaxEdxCcxAbi,,,,,,,,,
0x00436da0,game,implemented,SmoothGeneratedSurfacePixels,unclassified,authored,,,,0.00,946,VERIFY_OURS,
0x00437160,game,implemented,PostProcessGeneratedSurfaceRows,unclassified,authored,,,,0.00,157,VERIFY_OURS,
0x004372a0,game,implemented,DrawGdiTextWithFontStackAbi,,,,,,,,,
0x00437380,game,implemented,DrawGdiOutlinedTextEaxEdiStackAbi,,,,,,,,,
0x00437750,game,implemented,BlendGeneratedSurfaceIntoTexture,unclassified,,,,,0.00,645,VERIFY_OURS,
0x00437a00,game,implemented,InitializeGeneratedTableAndFonts,unclassified,authored,,,,0.00,781,VERIFY_OURS,
0x00437d10,game,implemented,ReleaseGdiFontCache,unclassified,authored,,,,0.00,149,VERIFY_OURS,
0x00437db0,game,implemented,RenderTimelineTextNormal,unclassified,authored,,,,0.00,554,VERIFY_OURS,
0x00437fe0,game,implemented,RenderTimelineTextSelected,unclassified,authored,,,,0.00,509,VERIFY_OURS,
0x004381e0,game,implemented,StringDefaultInitEaxAbi,exact,,th10::leaf::Fn004381E0,,src/DecomphelpLeafAccessors.cpp,100.00,16,VERIFY_OURS,
0x004381f0,,,,excluded,library,,CxxRuntime,,0.00,38,LIB_FREE,
0x00438250,game,,sub_438250,exact,,th10::leaf::LeafGetter00438250View::Get,,src/DecomphelpLeafAccessors.cpp,100.00,4,LIB_FREE,
0x00438260,game,implemented,StringAssignSubstringEcxAbi,excluded,library,,CxxRuntime,,0.00,227,CONFLICT_EXCLUDED,
0x00438350,game,implemented,StringAssignCStringEcxAbi,excluded,library,,CxxRuntime,,0.00,37,CONFLICT_EXCLUDED,
0x00438380,game,implemented,StringTidyToSmallBufferEcxAbi,excluded,library,,CxxRuntime,,0.00,83,CONFLICT_EXCLUDED,
0x004383e0,library,,unknown_libname_80,,,,,,,,LIB_FREE,
0x004383f0,library,,??4type_info@@AAEAAV0@ABV0@@Z,exact,,th10::leaf::LeafIdentity004383F0View::Get,,src/DecomphelpLeafAccessors.cpp,100.00,5,LIB_FREE,
0x00438400,game,,sub_438400,exact,,th10::leaf::LeafIdentity00438400View::Get,,src/DecomphelpLeafAccessors.cpp,100.00,3,LIB_FREE,
0x00438410,library,,??4type_info@@AAEAAV0@ABV0@@Z_0,exact,,th10::leaf::LeafIdentity00438410View::Get,,src/DecomphelpLeafAccessors.cpp,100.00,5,LIB_FREE,
0x00438420,game,implemented,StringAssignRangeEcxAbi,excluded,library,,CxxRuntime,,0.00,234,CONFLICT_EXCLUDED,
0x00438510,game,implemented,StringEraseRangeEcxAbi,excluded,library,,CxxRuntime,,0.00,117,CONFLICT_EXCLUDED,
0x00438590,game,implemented,StringTruncateEcxAbi,excluded,library,,CxxRuntime,,0.00,31,CONFLICT_EXCLUDED,
0x004385b0,game,implemented,StringReserveCapacityEcxAbi,,,,,,,,,
0x00438680,library,,unknown_libname_81,,,,,,,,LIB_FREE,
0x004386a0,game,,sub_4386A0,,,,,,,,UNSOURCED,
0x004386b0,game,implemented,MenuItemStringAssign,excluded,library,,CxxRuntime,,0.00,115,CONFLICT_EXCLUDED+BOUNDARY_MISMATCH,crt=322 theirs=115
0x00438723,,,,excluded,compiler_generated,,CxxEH,,0.00,32,LIB_FREE,
0x0043874c,,,,excluded,library,,CxxRuntime,,0.00,118,LIB_FREE,
0x004387c2,,,,excluded,compiler_generated,,CxxEH,,0.00,48,LIB_FREE,
0x00438850,game,,sub_438850,,,,,,,,UNSOURCED,
0x00438870,game,,nullsub_55,exact,,th10::leaf::Fn00438870,,src/DecomphelpLeafAccessors.cpp,100.00,1,LIB_FREE,
0x00438880,game,implemented,DestroyCallbackSchedulerInPlace,unclassified,authored,,,,0.00,103,VERIFY_OURS,
0x004388f0,,,,exact,,th10::leaf::Fn004388F0,,src/DecomphelpLeafAccessors.cpp,100.00,22,LIB_FREE,
0x00438940,,,,exact,,th10::leaf::Fn00438940,,src/DecomphelpLeafAccessors.cpp,100.00,10,LIB_FREE,
0x00438974,game,,sub_438974,,,,,,,,UNSOURCED,
0x004389b0,game,,sub_4389B0,,,,,,,,UNSOURCED,
0x004389c0,game,,sub_4389C0,exact,,th10::leaf::Fn004389C0,,src/DecomphelpLeafAccessors.cpp,100.00,4,LIB_FREE,
0x004389d0,game,,sub_4389D0,exact,,th10::leaf::Fn004389D0,,src/DecomphelpLeafAccessors.cpp,100.00,4,LIB_FREE,
0x004389e0,game,,sub_4389E0,exact,,th10::leaf::Fn004389E0,,src/DecomphelpLeafAccessors.cpp,100.00,4,LIB_FREE,
0x00438a30,game,implemented,ReleaseResetSensitiveRenderSlots,unclassified,authored,,Rendering,,0.00,43,VERIFY_OURS,
0x00438a60,game,implemented,FlushRenderOwnerPendingRenderBatches,unclassified,authored,,,,0.00,111,VERIFY_OURS,
0x00438ad0,game,implemented,RunMainApplication,unclassified,authored,WinMain,Main,src/Main.cpp,0.00,1389,VERIFY_OURS,
0x004390e0,game,implemented,MainChainWindowProcedure,unclassified,authored,GameWindowView::WindowProc,Main,src/Main.cpp,0.00,265,VERIFY_OURS,
0x004391f0,game,implemented,PresentAndRecoverMainChainDevice,unclassified,authored,GameWindowView::Present,Main,src/Main.cpp,0.00,236,VERIFY_OURS,
0x004392e0,game,implemented,InitializeMainChainSystemSettings,exact,authored,MainInitializeSystemParameters,Main,src/Main.cpp,100.00,100,ADOPT_EXACT,
0x00439350,,,,exact,authored,MainRestoreSystemParameters,Main,src/Main.cpp,100.00,62,IMPORT_EXACT,
0x00439390,game,implemented,RunMainChainFrame,unclassified,authored,GameWindowView::Render,Main,src/Main.cpp,0.00,425,VERIFY_OURS,
0x00439540,game,implemented,GetMainChainFrameTime,exact,authored,GameWindowView::GetTimestamp,Main,src/Main.cpp,100.00,282,ADOPT_EXACT,
0x00439660,game,implemented,GetMainChainFrameTimeUnlocked,exact,authored,MainGetTimestampUnlocked,Main,src/Main.cpp,100.00,152,ADOPT_EXACT,
0x00439700,,,,unclassified,authored,GameWindow::InitD3DInterface,Main,,0.00,45,THEIR_DRAFT_ONLY,
0x00439730,game,implemented,CreateMainChainWindow,exact,authored,GameWindowView::CreateGameWindow,Main,src/Main.cpp,100.00,341,ADOPT_EXACT,
0x00439890,game,implemented,CreateMainChainD3D9Device,unclassified,authored,GameWindowView::InitD3DRendering,Main,src/Main.cpp,0.00,1159,VERIFY_OURS,
0x00439d20,game,implemented,RestoreMainChainD3DRenderStates,exact,authored,GameWindowView::ResetRenderState,Main,src/Main.cpp,100.00,710,ADOPT_EXACT,
0x00439ff0,game,implemented,InitializeMainChainHostEnvironment,unclassified,authored,GameWindowView::CheckForRunningGameInstance,Main,src/Main.cpp,0.00,442,VERIFY_OURS,
0x0043a1b0,,,,unclassified,authored,GameWindow::ActivateWindow,Main,,0.00,8,THEIR_DRAFT_ONLY,
0x0043a1c0,game,implemented,CalculateMainChainExecutableChecksum,unclassified,authored,GameWindowView::CalcExecutableChecksum,Main,src/Main.cpp,0.00,207,VERIFY_OURS,
0x0043a290,game,implemented,ResolveMainChainShellLinkPath,unclassified,authored,GameWindow::ResolveShortcut,Main,,0.00,272,VERIFY_OURS,
0x0043a3a0,game,implemented,ReplayOverwriteDialogProc,unclassified,authored,,Main,,0.00,233,VERIFY_OURS,
0x0043a490,game,,sub_43A490,exact,,th10::leaf::Fn0043A490,,src/DecomphelpLeafAccessors.cpp,100.00,14,LIB_FREE,
0x0043a5c0,game,implemented,GetMidiOutDeviceNameEcxStackAbi,,,,,,,,,
0x0043a6e0,game,,sub_43A6E0,,,,,,,,UNSOURCED,
0x0043a6f0,game,implemented,SwapEndian16AxAbi,,,,,,,,,
0x0043a700,game,implemented,SwapEndian32StackAbi,,,,,,,,,
0x0043a730,game,implemented,ReadStreamVarintEsiAbi,unclassified,authored,,,,0.00,26,VERIFY_OURS,
0x0043a910,game,implemented,DestroyEndingMidiPlayerEaxAbi,unclassified,authored,,,,0.00,156,VERIFY_OURS,
0x0043a9b0,game,implemented,LoadEndingMidiFileBlobEaxEsiStackAbi,,,,,,,,,
0x0043aa60,game,implemented,FreeMidiBlockRowsEsiAbi,unclassified,authored,,,,0.00,107,VERIFY_OURS,
0x0043aad0,game,implemented,LoadMidiBlockRowsEbxStackAbi,unclassified,authored,,,,0.00,448,VERIFY_OURS,
0x0043ac90,game,implemented,LoadEndingMidiPercussionEcxAbi,,,,,,,,,
0x0043ace0,game,implemented,EndingMidiPlaybackFinishedEdiAbi,unclassified,authored,,,,0.00,132,VERIFY_OURS,
0x0043ae20,game,implemented,ResetSequencerSideStateEaxAbi,unclassified,authored,MidiOutputView::StopPlayback,Midi,src/Midi.cpp,0.00,129,VERIFY_OURS,
0x0043aeb0,game,implemented,ReleaseEndingMidiHeaderEdxAbi,exact,authored,MidiOutputView::UnprepareHeader,Midi,src/Midi.cpp,100.00,79,ADOPT_EXACT,
0x0043af00,game,implemented,BeginEndingMidiTempoSpanEaxEdxAbi,exact,,th10::leaf::Fn0043AF00,,src/DecomphelpLeafAccessors.cpp,100.00,39,VERIFY_OURS,
0x0043af30,game,implemented,UpdateEndingMidiPlayback,unclassified,authored,,,,0.00,473,VERIFY_OURS,
0x0043b110,game,implemented,InterpretEndingMidiEventBlockStackAbi,unclassified,authored,,,,0.00,1323,VERIFY_OURS,
0x0043b7a0,game,implemented,EndingMidiFadeStepEdiStackAbi,unclassified,authored,,,,0.00,140,VERIFY_OURS,
0x0043b8b0,game,,nullsub_3,,,,,,,,UNSOURCED,
0x0043b8c0,game,,nullsub_56,exact,,th10::leaf::Fn0043B8C0,,src/DecomphelpLeafAccessors.cpp,100.00,1,LIB_FREE,
0x0043b8d0,game,implemented,InitializeMainChainInput,unclassified,authored,,,,0.00,439,VERIFY_OURS,
0x0043ba90,game,implemented,RefreshMainChainInputAxes,unclassified,authored,,,,0.00,83,VERIFY_OURS,
0x0043baf0,game,implemented,CreateFirstMainChainController,,,,,,,,,
0x0043bb30,game,implemented,ConfigureMainChainControllerObject,unclassified,authored,,,,0.00,98,VERIFY_OURS,
0x0043bbf0,game,,sub_43BBF0,exact,,th10::leaf::Fn0043BBF0,,src/DecomphelpLeafAccessors.cpp,100.00,4,LIB_FREE,
0x0043bc00,game,,sub_43BC00,exact,,th10::leaf::Fn0043BC00,,src/DecomphelpLeafAccessors.cpp,100.00,4,LIB_FREE,
0x0043bc10,game,,sub_43BC10,exact,,th10::leaf::Fn0043BC10,,src/DecomphelpLeafAccessors.cpp,100.00,4,LIB_FREE,
0x0043bc40,game,implemented,SubmitReplayCameraFrameEsiAbi,unclassified,authored,,,,0.00,135,VERIFY_OURS,
0x0043bcd0,game,implemented,InitializeMainChainViewportAndClearBlack,unclassified,authored,,,,0.00,108,VERIFY_OURS,
0x0043bd40,,implemented,UpdateAsciiOverlayFullFade,,,,,,,,,
0x0043bda0,game,implemented,DrawImmediateAsciiColoredRectangle,unclassified,authored,,,,0.00,483,VERIFY_OURS,
0x0043bf90,game,,sub_43BF90,exact,,th10::leaf::LeafIdentity0043BF90View::Get,,src/DecomphelpLeafAccessors.cpp,100.00,3,LIB_FREE,
0x0043bfa0,game,implemented,DrawEndingOverlayQuadStackAbi,unclassified,authored,,,,0.00,501,VERIFY_OURS,
0x0043c1a0,game,implemented,DrawAsciiFullScreenOverlayWithViewport,unclassified,authored,,,,0.00,134,VERIFY_OURS,
0x0043c230,game,implemented,UpdateAsciiOverlayFadeIn,,,,,,,,,
0x0043c2c0,game,implemented,DrawAsciiInsetOverlayA,unclassified,authored,,,,0.00,68,VERIFY_OURS,
0x0043c310,game,implemented,UpdateAsciiOverlayHalfAlpha,,,,,,,,,
0x0043c3c0,game,implemented,DrawAsciiOverlayKindSix,,,,,,,,,
0x0043c410,game,implemented,DrawAsciiInsetOverlayB,unclassified,authored,,,,0.00,68,VERIFY_OURS,
0x0043c460,game,implemented,UpdateAsciiOverlayKindFive,,,,,,,,,
0x0043c500,game,implemented,DrawAsciiInsetOverlayMaskedRgb,unclassified,authored,,,,0.00,74,VERIFY_OURS,
0x0043c550,game,implemented,UpdateAsciiOverlayKindOne,,,,,,,,,
0x0043c710,game,implemented,UpdateAsciiOverlayKindEight,,,,,,,,,
0x0043c870,,,,unclassified,,,,,0.00,26,LIB_FREE,
0x0043c8b0,game,implemented,CreateAsciiOverlayContext,unclassified,authored,,,,0.00,82,VERIFY_OURS,
0x0043c970,game,implemented,ConfigureAsciiOverlayContext,unclassified,authored,,,,0.00,357,VERIFY_OURS,
0x0043cb00,game,implemented,ReleaseSchedulerNodePairStdcallAbi,unclassified,authored,,,,0.00,127,VERIFY_OURS,
0x0043cb80,game,implemented,NextMenuRandomEcxEdiAbi,exact,authored,AnmRandomU32InRange,AnmManager,src/AnmManager.cpp,100.00,88,ADOPT_EXACT,
0x0043cbe0,game,,nullsub_57,exact,,th10::leaf::Fn0043CBE0,,src/DecomphelpLeafAccessors.cpp,100.00,1,LIB_FREE,
0x0043cc30,game,implemented,RequestBgmWorkerStopEaxAbi,exact,,th10::leaf::Fn0043CC30,,src/DecomphelpLeafAccessors.cpp,100.00,13,VERIFY_OURS,
0x0043cc40,game,implemented,StopBgmWorkerControls,unclassified,authored,,,,0.00,175,VERIFY_OURS,
0x0043ccf0,game,implemented,MainChainSoundWorker,unclassified,authored,,,,0.00,57,VERIFY_OURS,
0x0043cd30,game,implemented,InitializeMainChainSoundRoot,unclassified,authored,,,,0.00,786,VERIFY_OURS,
0x0043d080,game,implemented,MainChainResourcePreload,unclassified,authored,SoundDataLoaderThread,,,0.00,107,VERIFY_OURS,
0x0043d0f0,,,,exact,authored,StartSoundLoadThread,Sound,src/Sound.cpp,100.00,34,IMPORT_EXACT,
0x0043d120,game,implemented,DestroyTransitionRootSoundResources,unclassified,authored,,,,0.00,301,VERIFY_OURS,
0x0043d250,game,implemented,FindBgmChunkByTagEcxAbi,unclassified,authored,,,,0.00,71,VERIFY_OURS,
0x0043d2a0,game,implemented,FindBgmTrackRecordIndex,unclassified,authored,SoundPlayerView::GetFmtIndexByName,Sound,src/Sound.cpp,0.00,227,VERIFY_OURS,
0x0043d390,game,implemented,ConsumeMainChainWaveImage,unclassified,authored,,,,0.00,684,VERIFY_OURS,
0x0043d690,game,implemented,LoadBgmDataFile,unclassified,authored,,,,0.00,241,VERIFY_OURS,
0x0043d790,,implemented,RebindBgmTrackFromPath,exact,authored,SoundPlayerView::ReopenBgm,Sound,src/Sound.cpp,100.00,55,ADOPT_EXACT,
0x0043d7d0,game,implemented,LoadBgmTrackImage,unclassified,authored,,,,0.00,369,VERIFY_OURS,
0x0043d950,game,implemented,LoadBgmTrack,unclassified,authored,SoundPlayerView::LoadBgm,Sound,src/Sound.cpp,0.00,298,VERIFY_OURS,
0x0043dab0,game,implemented,DestroyPreviousBgmStream,exact,authored,SoundPlayerView::StopBgm,Sound,src/Sound.cpp,100.00,176,ADOPT_EXACT,
0x0043db60,game,implemented,InitializeBgmRelatedState,unclassified,authored,,,,0.00,295,VERIFY_OURS,
0x0043dc90,game,implemented,QueueEffectRingValueEcxStackAbi,exact,authored,EnemySoundQueueView::QueueSoundSample,Enemy,src/EnemyEclDispatcher.cpp,100.00,123,ADOPT_EXACT,
0x0043dd10,game,implemented,QueueBulletDeathEffectEbxEsiStackAbi,exact,authored,EnemySoundQueueView::QueueSoundCue,Enemy,src/EnemyEclDispatcher.cpp,100.00,149,ADOPT_EXACT,
0x0043ddf0,game,implemented,AdvanceBgmRuntime,unclassified,authored,SoundPlayerView::ProcessQueues,Sound,src/Sound.cpp,0.00,1419,VERIFY_OURS,
0x0043e3a0,game,implemented,BgmWorkerThread,unclassified,authored,,,,0.00,189,VERIFY_OURS,
0x0043e460,game,implemented,QueueBgmCommand,unclassified,authored,,,,0.00,104,VERIFY_OURS,
0x0043e520,game,,sub_43E520,exact,,th10::leaf::Fn0043E520,,src/DecomphelpLeafAccessors.cpp,100.00,7,LIB_FREE,
0x0043e530,game,,sub_43E530,exact,,th10::leaf::Fn0043E530,,src/DecomphelpLeafAccessors.cpp,100.00,4,LIB_FREE,
0x0043e560,game,,sub_43E560,,,,,,,,UNSOURCED,
0x0043e570,game,,nullsub_58,exact,,th10::leaf::Fn0043E570,,src/DecomphelpLeafAccessors.cpp,100.00,1,LIB_FREE,
0x0043e580,,,,exact,,th10::leaf::Fn0043E580,,src/DecomphelpLeafAccessors.cpp,100.00,32,LIB_FREE,
0x0043e5a0,game,implemented,InitializeAsciiAnimationVmEntry,exact,authored,AnmLoadedView::SetSprite,AnmManager,src/AnmManager.cpp,100.00,356,ADOPT_EXACT,
0x0043e710,game,implemented,AssignAnmScriptToVmEcxEaxBbxAbi,unclassified,authored,AnmLoadedView::InitializeAndExecuteScriptIndex,AnmManager,src/AnmManager.cpp,0.00,203,VERIFY_OURS,
0x0043e7e0,game,implemented,BindEffectScriptContextEaxEcxDxAbi,exact,authored,AnmLoadedView::SetAndExecuteScriptIndex,AnmManager,src/AnmManager.cpp,100.00,194,ADOPT_EXACT,
0x0043e8b0,game,implemented,BindEntityToScriptSlotEaxEdxEcxAbi,unclassified,authored,AnmLoadedView::SetAndExecuteScriptIdx,AnmManager,src/AnmManager.cpp,0.00,287,VERIFY_OURS,
0x0043e9d0,game,implemented,LoadScriptLabelMapEsiStackAbi,,,,,,,,,
0x0043eac0,game,implemented,ReadVmFloatRegister,exact,authored,AnmVmView::GetFloatVar,AnmManager,src/AnmManager.cpp,100.00,424,ADOPT_EXACT+BOUNDARY_MISMATCH,crt=334 theirs=424
0x0043ec70,game,implemented,ReadEnemyScriptVarEdxEcxAbi,exact,authored,AnmVmView::GetIntVar,AnmManager,src/AnmManager.cpp,100.00,144,ADOPT_EXACT+BOUNDARY_MISMATCH,crt=104 theirs=144
0x0043ed00,game,,sub_43ED00,exact,authored,AnmVmView::GetFloatVarPtr,AnmManager,src/AnmManager.cpp,100.00,156,IMPORT_EXACT+BOUNDARY_MISMATCH,crt=108 theirs=156
0x0043eda0,game,implemented,ResolveEnemyScriptVarSlotEaxAbi,exact,authored,AnmVmView::GetIntVarPtr,AnmManager,src/AnmManager.cpp,100.00,132,ADOPT_EXACT+BOUNDARY_MISMATCH,crt=92 theirs=132
0x0043ee30,game,implemented,FinalizeTimelineRenderObjectSetup,unclassified,authored,AnmRenderManagerView::ExecuteScript,AnmManager,src/AnmManager.cpp,0.00,9587,VERIFY_OURS,
0x004415c0,game,implemented,InitializePlayerVmRowBatchEaxEdxCcxAbi,,,,,,,,,
0x00441600,game,implemented,TickRgbColorInterpolationEaxStackAbi,unclassified,authored,AnmVmColorInterpolationView::Evaluate,AnmManager,src/AnmManager.cpp,0.00,820,VERIFY_OURS,
0x00441940,game,,sub_441940,exact,,th10::leaf::Fn00441940,,src/DecomphelpLeafAccessors.cpp,100.00,4,LIB_FREE,
0x00441950,game,implemented,TickAlphaInterpolationEsiAbi,unclassified,authored,AnmVmAlphaInterpolationView::Evaluate,AnmManager,src/AnmManager.cpp,0.00,370,VERIFY_OURS,
0x00441ad0,game,implemented,TickScaleInterpolationEsiEdiAbi,unclassified,authored,AnmVmFloat2InterpolationView::Evaluate,AnmManager,src/AnmManager.cpp,0.00,652,VERIFY_OURS,
0x00441d60,game,,sub_441D60,exact,,th10::leaf::Fn00441D60,,src/DecomphelpLeafAccessors.cpp,100.00,4,LIB_FREE,
0x00441e40,game,implemented,StoreInterpolationTripleEaxEdxCcxAbi,,,,,,,,,
0x00441e50,game,implemented,ScaleInterpolationTripleEdiEsiAbi,exact,authored,AnmInt3View::operator*,AnmManager,src/AnmManager.cpp,100.00,56,ADOPT_EXACT,
0x00441ef0,game,implemented,PolarToCartesianEcxAbi,exact,authored,AnmScriptVectorView::FromAngleMagnitude,AnmManager,src/AnmManager.cpp,100.00,30,ADOPT_EXACT,
0x00441f50,game,implemented,BeginCameraTweenEaxStackAbi,exact,authored,AnmVmView::StartSecondaryAlphaInterpolation,AnmManager,src/AnmManager.cpp,100.00,116,ADOPT_EXACT,
0x00441fd0,game,,sub_441FD0,exact,,th10::leaf::Fn00441FD0,,src/DecomphelpLeafAccessors.cpp,100.00,4,LIB_FREE,
0x00441fe0,game,,sub_441FE0,exact,,th10::leaf::Fn00441FE0,,src/DecomphelpLeafAccessors.cpp,100.00,4,LIB_FREE,
0x00441ff0,game,,sub_441FF0,exact,,th10::leaf::Fn00441FF0,,src/DecomphelpLeafAccessors.cpp,100.00,5,LIB_FREE,
0x00442000,game,,sub_442000,exact,,th10::leaf::Fn00442000,,src/DecomphelpLeafAccessors.cpp,100.00,6,LIB_FREE,
0x00442010,,,,exact,,th10::leaf::Fn00442010,,src/DecomphelpLeafAccessors.cpp,100.00,50,LIB_FREE,
0x00442050,game,implemented,BeginCameraColorTweenEaxAbi,exact,authored,AnmVmView::StartSecondaryColorInterpolation,AnmManager,src/AnmManager.cpp,100.00,208,ADOPT_EXACT,
0x00442120,game,,sub_442120,,,,,,,,UNSOURCED,
0x00442130,game,implemented,StoreOwnerVectorAt24EaxCcxAbi,,,,,,,,,
0x00442150,game,implemented,StoreOwnerVectorAt36EaxCcxAbi,,,,,,,,,
0x00442170,game,,sub_442170,exact,,th10::leaf::Fn00442170,,src/DecomphelpLeafAccessors.cpp,100.00,4,LIB_FREE,
0x00442180,,,,exact,,th10::leaf::Fn00442180,,src/DecomphelpLeafAccessors.cpp,100.00,20,LIB_FREE,
0x004421a0,game,implemented,CopyVector3EaxCcxAbi,,,,,,,,,
0x004421c0,game,implemented,StoreOwnerVectorAt12EaxCcxAbi,,,,,,,,,
0x004421e0,,,,exact,,th10::leaf::Fn004421E0,,src/DecomphelpLeafAccessors.cpp,100.00,50,LIB_FREE,
0x00442220,game,implemented,SetupRgbInterpolation,exact,authored,AnmVmView::StartPrimaryColorInterpolation,AnmManager,src/AnmManager.cpp,100.00,208,ADOPT_EXACT,
0x004422f0,game,implemented,StoreRgbTripleEaxAbi,,,,,,,,,
0x00442300,game,implemented,SetupAlphaInterpolation,unclassified,authored,AnmVmView::StartPrimaryAlphaInterpolation,AnmManager,src/AnmManager.cpp,0.00,130,VERIFY_OURS,
0x00442390,game,,sub_442390,exact,,th10::leaf::Fn00442390,,src/DecomphelpLeafAccessors.cpp,100.00,6,LIB_FREE,
0x004423a0,game,,sub_4423A0,exact,,th10::leaf::Fn004423A0,,src/DecomphelpLeafAccessors.cpp,100.00,6,LIB_FREE,
0x004423c0,game,implemented,ScaleBrightnessClamp255Abi,exact,authored,MixAnmColor,AnmManager,src/AnmManager.cpp,100.00,25,ADOPT_EXACT,
0x004423e0,game,implemented,ApplyEntityRenderStateEaxEbxAbi,exact,authored,AnmRenderManagerView::SetRenderStateForVm3D,AnmManager,src/AnmManager.cpp,100.00,440,ADOPT_EXACT,
0x004425a0,game,implemented,ApplyOwnerRenderModesEaxEdiAbi,exact,authored,AnmRenderManagerView::SetRenderStateForVm,AnmManager,src/AnmManager.cpp,100.00,201,ADOPT_EXACT,
0x00442670,game,implemented,SubmitAsciiGlyphScratchQuad,exact,authored,AnmRenderManagerView::DrawInner,AnmManager,src/AnmManager.cpp,100.00,1111,ADOPT_EXACT,
0x00442ad0,game,implemented,SubmitAsciiProjectedQuadEaxEcxStackAbi,,,,,,,,,
0x00442f30,game,implemented,InitializeOwnerVertexFreeListEaxAbi,exact,authored,AnmRenderManagerView::ClearVertexBuffer,AnmManager,src/AnmManager.cpp,100.00,29,ADOPT_EXACT,
0x00442f50,game,implemented,FlushRenderOwnerPendingVertices,exact,authored,AnmRenderManagerView::FlushVertexBuffer,AnmManager,src/AnmManager.cpp,100.00,133,ADOPT_EXACT,
0x00442fe0,game,implemented,AppendAsciiGlyphScratchQuadAsTriangles,exact,authored,AnmRenderManagerView::AddSpriteToDrawBuffer,AnmManager,src/AnmManager.cpp,100.00,157,ADOPT_EXACT,
0x00443080,game,implemented,DrawAsciiAnimationVmUnscaled,exact,authored,AnmRenderManagerView::DrawNoRotation,AnmManager,src/AnmManager.cpp,100.00,515,ADOPT_EXACT,
0x00443290,game,implemented,DrawAsciiAnimationVmScaled,exact,authored,AnmRenderManagerView::DrawNoRotationNoRound,AnmManager,src/AnmManager.cpp,100.00,486,ADOPT_EXACT,
0x00443680,,,,exact,authored,AnmRenderManagerView::TranslateRotation,AnmManager,src/AnmManager.cpp,100.00,52,IMPORT_EXACT,
0x004436c0,game,implemented,DrawAsciiAnimationVmRotatedMode1,exact,authored,AnmRenderManagerView::Draw2D,AnmManager,src/AnmManager.cpp,100.00,591,ADOPT_EXACT,
0x00443910,game,implemented,DrawAsciiAnimationVmRotatedMode3,exact,authored,AnmRenderManagerView::Draw2DRotatedOrAxisAligned,AnmManager,src/AnmManager.cpp,100.00,591,ADOPT_EXACT,
0x00443b60,game,implemented,BuildPerspectiveAsciiGlyphQuad,exact,authored,AnmRenderManagerView::ProjectCameraFacingQuad,AnmManager,src/AnmManager.cpp,100.00,1047,ADOPT_EXACT,
0x00443f80,game,implemented,DrawAsciiAnimationVmProjectedMode4,exact,authored,AnmRenderManagerView::DrawCameraFacingQuad,AnmManager,src/AnmManager.cpp,100.00,33,ADOPT_EXACT,
0x00443fb0,game,implemented,DrawAsciiAnimationVmPerspectiveFadedMode6,unclassified,authored,AnmRenderManagerView::DrawMode6,AnmManager,src/AnmManager.cpp,0.00,643,VERIFY_OURS,
0x00444240,game,implemented,BuildAndProjectMode7AsciiGlyphQuad,exact,authored,AnmRenderManagerView::Project3DQuad,AnmManager,src/AnmManager.cpp,100.00,818,ADOPT_EXACT,
0x00444580,game,implemented,DrawAsciiAnimationVmProjectedMode5,exact,authored,AnmRenderManagerView::DrawProjected3DQuad,AnmManager,src/AnmManager.cpp,100.00,60,ADOPT_EXACT,
0x004445c0,game,implemented,DrawAsciiAnimationVmProjectedFoggedMode7,exact,authored,AnmRenderManagerView::DrawMode7,AnmManager,src/AnmManager.cpp,100.00,402,ADOPT_EXACT,
0x00444760,game,implemented,DrawAsciiAnimationVmMode8,exact,authored,AnmRenderManagerView::Draw3D,AnmManager,src/AnmManager.cpp,100.00,929,ADOPT_EXACT,
0x00444b10,game,implemented,BuildHorizontalRibbonVerticesEaxCcxAbi,exact,authored,AnmRenderManagerView::InitializeHorizontalTextureStrip,AnmManager,src/AnmManager.cpp,100.00,201,ADOPT_EXACT,
0x00444be0,game,implemented,BuildVerticalRibbonVerticesEaxCcxAbi,exact,authored,AnmRenderManagerView::InitializeVerticalTextureStrip,AnmManager,src/AnmManager.cpp,100.00,201,ADOPT_EXACT,
0x00444cb0,,,,exact,authored,AnmRenderManagerView::SetGeneratedVertexColor,AnmManager,src/AnmManager.cpp,100.00,34,IMPORT_EXACT,
0x00444ce0,game,implemented,DrawAsciiAnimationVmMode9,exact,authored,AnmRenderManagerView::DrawGeneratedVertices,AnmManager,src/AnmManager.cpp,100.00,224,ADOPT_EXACT,
0x00444dc0,,,,exact,authored,AnmRenderManagerView::QueueSpriteQuad,AnmManager,src/AnmManager.cpp,100.00,145,IMPORT_EXACT,
0x00444e60,,,,exact,authored,AnmRenderManagerView::DrawUntexturedTriangleStrip,AnmManager,src/AnmManager.cpp,100.00,315,IMPORT_EXACT,
0x00444fa0,,,,exact,authored,AnmRenderManagerView::DrawUntexturedTriangleFan,AnmManager,src/AnmManager.cpp,100.00,315,IMPORT_EXACT,
0x004450e0,game,implemented,DrawRibbonStripIndexedEcxAbi,exact,authored,AnmRenderManagerView::DrawTexturedTriangleFan,AnmManager,src/AnmManager.cpp,100.00,211,ADOPT_EXACT,
0x004451c0,game,implemented,DispatchAsciiAnimationVmRenderMode,exact,authored,AnmRenderManagerView::Draw,AnmManager,src/AnmManager.cpp,100.00,216,ADOPT_EXACT+BOUNDARY_MISMATCH,crt=173 theirs=216
0x004452e0,game,,sub_4452E0,exact,,th10::leaf::Fn004452E0,AnmManager,src/DecomphelpLeafAccessors.cpp,100.00,10,LIB_FREE,
0x004452f0,game,implemented,RebuildRibbonRingBuffer,unclassified,authored,AnmVmView::InitializePulsingRadialTrail,AnmManager,src/AnmManager.cpp,0.00,803,VERIFY_OURS,
0x00445620,game,implemented,RibbonFrameUpdateCallback,exact,authored,UpdatePulsingRadialTrail,AnmManager,src/AnmManager.cpp,100.00,598,ADOPT_EXACT,
0x00445880,game,implemented,DrawRibbonStripFromWorkEcxAbi,exact,authored,DrawPulsingRadialTrail,AnmManager,src/AnmManager.cpp,100.00,25,ADOPT_EXACT,
0x004458a0,game,,sub_4458A0,exact,,th10::leaf::Fn004458A0,AnmManager,src/DecomphelpLeafAccessors.cpp,100.00,7,LIB_FREE,
0x004458b0,game,implemented,PolarToCartesianStripEcxAbi,exact,authored,AnmFloat3View::FromAngleMagnitude,AnmManager,src/AnmManager.cpp,100.00,30,ADOPT_EXACT,
0x004458d0,game,,sub_4458D0,exact,,th10::leaf::LeafIdentity004458D0View::Get,,src/DecomphelpLeafAccessors.cpp,100.00,3,LIB_FREE,
0x004458e0,game,,sub_4458E0,exact,,th10::leaf::LeafIdentity004458E0View::Get,,src/DecomphelpLeafAccessors.cpp,100.00,3,LIB_FREE,
0x004458f0,game,,sub_4458F0,exact,,th10::leaf::LeafIdentity004458F0View::Get,,src/DecomphelpLeafAccessors.cpp,100.00,3,LIB_FREE,
0x00445900,game,implemented,ConstructLargeRenderOwner,unclassified,authored,AnmRenderManagerView::AnmRenderManagerView,AnmManager,src/AnmManager.cpp,0.00,2315,VERIFY_OURS,
0x00446210,game,,sub_446210,exact,,th10::leaf::LeafIdentity00446210View::Get,,src/DecomphelpLeafAccessors.cpp,100.00,3,LIB_FREE,
0x00446220,game,implemented,DestroyLargeRenderOwnerInPlace,unclassified,authored,AnmRenderManagerView::~AnmRenderManagerView,AnmManager,src/AnmManager.cpp,0.00,206,VERIFY_OURS,
0x004462f0,game,implemented,InitializeLargeRenderOwner,exact,authored,AnmRenderManagerView::SetupVertexBuffer,AnmManager,src/AnmManager.cpp,100.00,472,ADOPT_EXACT,
0x004464f4,library,,__RTC_NumErrors,,,,,,,,LIB_FREE,
0x00446500,game,implemented,AccumulateTexturePixelHitEaxEdxCcxAbi,,,,,,,,,
0x004465b0,game,implemented,DilateTextureTransparentPixelsEaxAbi,unclassified,authored,AnmRenderManagerView::ApplyTextureAlphaBleed,AnmManager,src/AnmManager.cpp,0.00,1463,VERIFY_OURS+BOUNDARY_MISMATCH,crt=1417 theirs=1463
0x00446b70,game,implemented,CreateStageTextureFromFileEcxAbi,,,,,,,,,
0x00446c70,game,implemented,CreateStageTextureFromImageEaxAbi,unclassified,authored,AnmRenderManagerView::LoadTexture,AnmManager,src/AnmManager.cpp,0.00,243,VERIFY_OURS,
0x00446d70,game,implemented,LoadGeneratedGlyphIntoSurface,unclassified,authored,AnmRenderManagerView::LoadTextureRegion,AnmManager,src/AnmManager.cpp,0.00,320,VERIFY_OURS,
0x00446eb0,game,implemented,CreateTextureFromEncodedStageData,exact,authored,AnmRenderManagerView::CreateTextureFromFile,AnmManager,src/AnmManager.cpp,100.00,132,ADOPT_EXACT,
0x00446f40,game,implemented,CreateTextureAndUploadStagePixels,exact,authored,AnmRenderManagerView::CreateTextureFromAnm,AnmManager,src/AnmManager.cpp,100.00,264,ADOPT_EXACT,
0x00447050,game,implemented,CreateEmptyStageTexture,exact,authored,AnmRenderManagerView::CreateEmptyTexture,AnmManager,src/AnmManager.cpp,100.00,41,ADOPT_EXACT,
0x00447080,,,,exact,authored,AnmRenderManagerView::LoadAnm,AnmManager,src/AnmManager.cpp,100.00,50,IMPORT_EXACT,
0x004470c0,game,implemented,BuildManagerWork,unclassified,authored,AnmRenderManagerView::ReadAnmEntries,AnmManager,src/AnmManager.cpp,0.00,433,VERIFY_OURS,
0x00447280,game,implemented,RequestManagerWork,exact,authored,AnmRenderManagerView::PreloadAnm,AnmManager,src/AnmManager.cpp,100.00,81,ADOPT_EXACT,
0x004472e0,game,implemented,LoadManagerWorkImageSlotEcxEdxStackAbi,unclassified,authored,AnmRenderManagerView::LoadExternalTextureData,AnmManager,src/AnmManager.cpp,0.00,214,VERIFY_OURS,
0x004473c0,game,implemented,AdvanceManagerWorkParseStackAbi,exact,authored,AnmRenderManagerView::PostloadAnmEntry,AnmManager,src/AnmManager.cpp,100.00,174,ADOPT_EXACT,
0x00447470,game,implemented,ProcessSelectedManagerWorkStage,unclassified,authored,AnmRenderManagerView::LoadTextureData,AnmManager,src/AnmManager.cpp,0.00,650,VERIFY_OURS,
0x00447700,game,implemented,PollManagerWorkQueuesStackAbi,unclassified,authored,AnmRenderManagerView::ServicePreloadedAnms,AnmManager,src/AnmManager.cpp,0.00,135,VERIFY_OURS,
0x004477d0,game,implemented,ReleaseManagerWorkAtSlot,unclassified,authored,AnmRenderManagerView::ReleaseAnm,AnmManager,src/AnmManager.cpp,0.00,55,VERIFY_OURS,
0x00447810,game,implemented,ReleaseLargeRenderOwnerSlotEdiAbi,unclassified,authored,AnmLoadedView::Release,AnmManager,src/AnmManager.cpp,0.00,242,VERIFY_OURS,
0x00447940,game,implemented,StoreWorkImageMaterialEaxEdxEbxAbi,exact,authored,AnmLoadedView::LoadSprite,AnmManager,src/AnmManager.cpp,100.00,143,ADOPT_EXACT,
0x004479d0,game,implemented,SubmitTimelineTextDispatch,exact,authored,AnmRenderManagerView::DrawTextInner,AnmManager,src/AnmManager.cpp,100.00,127,ADOPT_EXACT,
0x00447a50,game,boundary,AddTipTextLeftEaxStackAbi,exact,authored,AnmRenderManagerView::DrawTextLeft,AnmManager,src/AnmManager.cpp,100.00,141,ADOPT_EXACT,
0x00447ae0,game,boundary,AddTipTextRightEaxStackAbi,exact,authored,AnmRenderManagerView::DrawTextRight,AnmManager,src/AnmManager.cpp,100.00,204,ADOPT_EXACT,
0x00447bb0,game,boundary,AddTipTextCenteredEaxStackAbi,exact,authored,AnmRenderManagerView::DrawTextCentered,AnmManager,src/AnmManager.cpp,100.00,194,ADOPT_EXACT,
0x00447c80,game,implemented,LoadRenderOwnerCachedSurfaceFromFile,unclassified,authored,AnmRenderManagerView::LoadSurface,AnmManager,src/AnmManager.cpp,0.00,576,VERIFY_OURS,
0x00447ec0,game,implemented,LoadOwnerCachedSurfaceEdxCcxAbi,unclassified,authored,AnmRenderManagerView::PreloadSurface,AnmManager,src/AnmManager.cpp,0.00,169,VERIFY_OURS,
0x00447f70,game,implemented,ReleaseLargeRenderOwnerCachedSurfacePair,exact,authored,AnmRenderManagerView::ReleaseSurface,AnmManager,src/AnmManager.cpp,100.00,87,ADOPT_EXACT,
0x00447fd0,,implemented,UpdateLargeRenderOwnerCachedSurfaceRegion,unclassified,authored,AnmRenderManagerView::CopySurfaceToBackbuffer,AnmManager,src/AnmManager.cpp,0.00,330,VERIFY_OURS,
0x00448120,game,implemented,UpdateLargeRenderOwnerCachedSurfaceRectangle,unclassified,authored,AnmRenderManagerView::CopySurfaceToBackbuffer2,AnmManager,src/AnmManager.cpp,0.00,325,VERIFY_OURS,
0x00448270,game,implemented,SubmitLargeRenderOwnerSecondDeferredBatch,unclassified,authored,AnmRenderManagerView::CaptureToTexture,AnmManager,src/AnmManager.cpp,0.00,240,VERIFY_OURS,
0x00448360,game,implemented,CopyWorkSurfacePairEcxAbi,unclassified,authored,AnmRenderManagerView::CopyTextureRect,AnmManager,src/AnmManager.cpp,0.00,227,VERIFY_OURS,
0x00448450,game,implemented,SubmitLargeRenderOwnerFirstDeferredBatch,exact,authored,AnmRenderManagerView::CaptureToSurface,AnmManager,src/AnmManager.cpp,100.00,379,ADOPT_EXACT,
0x004485d0,game,,sub_4485D0,,,,,,,,UNSOURCED,
0x004485e0,game,,sub_4485E0,,,,,,,,UNSOURCED,
0x004485f0,game,implemented,DrawOwnerChainPlainEcxAbi,,,,,,,,,
0x00448600,game,,sub_448600,,,,,,,,UNSOURCED,
0x00448610,game,,sub_448610,,,,,,,,UNSOURCED,
0x00448620,game,implemented,DrawOwnerChainWithClearEcxAbi,,,,,,,,,
0x004486a0,game,,sub_4486A0,,,,,,,,UNSOURCED,
0x004486b0,game,,sub_4486B0,,,,,,,,UNSOURCED,
0x004486c0,game,,sub_4486C0,,,,,,,,UNSOURCED,
0x004486d0,game,,sub_4486D0,,,,,,,,UNSOURCED,
0x004486e0,game,,sub_4486E0,,,,,,,,UNSOURCED,
0x004486f0,game,,sub_4486F0,,,,,,,,UNSOURCED,
0x00448700,game,,sub_448700,,,,,,,,UNSOURCED,
0x00448710,game,,sub_448710,,,,,,,,UNSOURCED,
0x00448720,game,,sub_448720,,,,,,,,UNSOURCED,
0x00448730,game,,sub_448730,,,,,,,,UNSOURCED,
0x00448740,game,implemented,DrawOwnerChainAfterResetEcxAbi,,,,,,,,,
0x00448770,game,implemented,DrawOwnerChainNoClearAEcxAbi,,,,,,,,,
0x004487c0,game,implemented,DrawOwnerChainNoClearBEcxAbi,,,,,,,,,
0x00448810,game,implemented,DrawOwnerChainNoClearCEcxAbi,,,,,,,,,
0x00448860,game,implemented,UpdateLargeRenderOwnerListA,exact,authored,AnmRenderManagerView::UpdatePrimaryVms,AnmManager,src/AnmManager.cpp,100.00,149,ADOPT_EXACT,
0x00448900,,implemented,UpdateLargeRenderOwnerListB,exact,authored,AnmRenderManagerView::UpdateSecondaryVms,AnmManager,src/AnmManager.cpp,100.00,123,ADOPT_EXACT,
0x00448980,game,implemented,DrawLargeRenderOwnerKindChain,exact,authored,AnmRenderManagerView::DrawLayer,AnmManager,src/AnmManager.cpp,100.00,67,ADOPT_EXACT,
0x004489d0,game,implemented,LinkEntityAndAssignIdEaxEsiAbi,exact,authored,AnmRenderManagerView::AddVmVariant0,AnmManager,src/AnmManager.cpp,100.00,118,ADOPT_EXACT,
0x00448a50,game,implemented,LinkEntityFrontAndAssignIdEaxEsiAbi,exact,authored,AnmRenderManagerView::AddVmVariant2,AnmManager,src/AnmManager.cpp,100.00,112,ADOPT_EXACT,
0x00448ac0,game,implemented,AttachEffectVmToListB,exact,authored,AnmRenderManagerView::AddVmVariant1,AnmManager,src/AnmManager.cpp,100.00,118,ADOPT_EXACT,
0x00448b40,game,implemented,AttachEffectVmToListBFront,exact,authored,AnmRenderManagerView::AddVmVariant3,AnmManager,src/AnmManager.cpp,100.00,112,ADOPT_EXACT,
0x00448bb0,game,implemented,InitializeLargeRenderOwner,exact,authored,AnmRenderManagerView::RemoveVm,AnmManager,src/AnmManager.cpp,100.00,268,ADOPT_EXACT,
0x00448d00,game,implemented,SpawnSetupEffectVmListABack,exact,authored,AnmLoadedView::CreateVmVariant0,AnmManager,src/AnmManager.cpp,100.00,73,ADOPT_EXACT,
0x00448d50,game,implemented,CreateTimelineContinuationRenderObject,exact,authored,AnmLoadedView::CreateVmAtScreenVariant0,AnmManager,src/AnmManager.cpp,100.00,95,ADOPT_EXACT,
0x00448db0,game,boundary,SpawnTipEntityEdxStackAbi,unclassified,authored,AnmLoadedView::CreateVmAtWorldVariant0,AnmManager,src/AnmManager.cpp,0.00,118,,
0x00448e30,game,implemented,SpawnSetupEffectVmListAFront,exact,authored,AnmLoadedView::CreateVmVariant2,AnmManager,src/AnmManager.cpp,100.00,73,ADOPT_EXACT,
0x00448e80,game,implemented,SpawnStageEffectPresetFrontEdiStackAbi,exact,authored,AnmLoadedView::CreateVmAtScreenVariant2,AnmManager,src/AnmManager.cpp,100.00,95,ADOPT_EXACT,
0x00448ee0,game,implemented,SpawnStageEffectPositionedFrontEdiStackAbi,unclassified,authored,AnmLoadedView::CreateVmAtWorldVariant2,AnmManager,src/AnmManager.cpp,0.00,118,VERIFY_OURS,
0x00448f60,game,implemented,SpawnSetupEffectVmListBBack,exact,authored,AnmLoadedView::CreateVmVariant1,AnmManager,src/AnmManager.cpp,100.00,73,ADOPT_EXACT,
0x00448fb0,game,implemented,SpawnStageEffectPresetListBEdiStackAbi,exact,authored,AnmLoadedView::CreateVmAtScreenVariant1,AnmManager,src/AnmManager.cpp,100.00,95,ADOPT_EXACT,
0x00449010,game,implemented,SpawnStageEffectPositionedListBEdiStackAbi,unclassified,authored,AnmLoadedView::CreateVmAtWorldVariant1,AnmManager,src/AnmManager.cpp,0.00,118,VERIFY_OURS,
0x00449090,game,implemented,SpawnSetupEffectVmListBFront,exact,authored,AnmLoadedView::CreateVmVariant3,AnmManager,src/AnmManager.cpp,100.00,73,ADOPT_EXACT,
0x004490e0,game,implemented,SpawnStageEffectPresetListBFrontEdiStackAbi,exact,authored,AnmLoadedView::CreateVmAtScreenVariant3,AnmManager,src/AnmManager.cpp,100.00,95,ADOPT_EXACT,
0x00449140,game,implemented,SpawnStageEffectPositionedListBFrontEdiStackAbi,unclassified,authored,AnmLoadedView::CreateVmAtWorldVariant3,AnmManager,src/AnmManager.cpp,0.00,118,VERIFY_OURS,
0x004491c0,game,boundary,ResolveTipEntityEaxStackAbi,exact,authored,AnmRenderManagerView::FindVm,AnmManager,src/AnmManager.cpp,100.00,73,ADOPT_EXACT,
0x00449210,game,implemented,StopEntityById,exact,authored,AnmRenderManagerView::SetVmPendingInterrupt,AnmManager,src/AnmManager.cpp,100.00,54,ADOPT_EXACT,
0x00449250,game,implemented,SetEntityStopWordByIdAndRun,exact,authored,AnmRenderManagerView::SetVmPendingInterruptAndExecute,AnmManager,src/AnmManager.cpp,100.00,76,ADOPT_EXACT,
0x004492a0,game,implemented,ReleaseEntityById,exact,authored,AnmRenderManagerView::MarkVmForDeletion,AnmManager,src/AnmManager.cpp,100.00,66,ADOPT_EXACT,
0x004492f0,game,implemented,SetEntityPositionDirectEsiAbi,exact,authored,AnmRenderManagerView::SetVmPosition,AnmManager,src/AnmManager.cpp,100.00,90,ADOPT_EXACT,
0x00449350,game,implemented,SetEntityPositionOffsetEsiAbi,exact,authored,AnmRenderManagerView::SetVmWorldPosition,AnmManager,src/AnmManager.cpp,100.00,111,ADOPT_EXACT,
0x004493c0,,,,exact,authored,AnmRenderManagerView::GetVmPosition,AnmManager,src/AnmManager.cpp,100.00,27,IMPORT_EXACT,
0x004493e0,game,implemented,ReleaseEntitiesUsingResourceEaxEdxAbi,exact,authored,AnmRenderManagerView::MarkLoadedVmsForDeletion,AnmManager,src/AnmManager.cpp,100.00,92,ADOPT_EXACT,
0x00449440,game,,sub_449440,,,,,,,,UNSOURCED,
0x00449450,game,implemented,RefreshTimelineTextHandle,exact,authored,AnmVmIdView::GetVm,AnmVmId,src/AnmVmId.cpp,100.00,21,ADOPT_EXACT,
0x00449470,game,implemented,SetEntityStateWordEaxEsiAbi,exact,authored,AnmVmIdView::SetInterrupt,AnmVmId,src/AnmVmId.cpp,100.00,65,ADOPT_EXACT,
0x00449590,game,implemented,StopTimelineEntityTreeEaxAbi,exact,authored,AnmVmIdView::SetFlag2,AnmVmId,src/AnmVmId.cpp,100.00,67,ADOPT_EXACT,
0x004495e0,game,implemented,ClearEntityFlag2ByHandleSlot,exact,authored,AnmVmIdView::ClearFlag2,AnmVmId,src/AnmVmId.cpp,100.00,67,ADOPT_EXACT,
0x00449630,game,implemented,SetTimelineObjectPhase,exact,authored,AnmVmIdView::Release,AnmVmId,src/AnmVmId.cpp,100.00,21,ADOPT_EXACT,
0x00449670,game,implemented,SetEntityGlyphFromHandleEaxStackAbi,exact,authored,AnmVmIdView::SetSprite,AnmVmId,src/AnmVmId.cpp,100.00,36,ADOPT_EXACT,
0x004496a0,game,implemented,SetEntityGlyphWithResourceEaxStackAbi,exact,"Reviewed complete 34-byte extent. Factory xrefs show 32 direct calls, all inside GuiMessageVmView::Run. The natural descriptive explicit-ANM wrapper in the real GuiMessageVmView::Run /GL graph reproduces all 34 bytes and all three linkage fields zero-difference.",AnmVmIdView::SetSpriteWithAnm,AnmVmId,src/AnmVmId.cpp,100.00,34,VERIFY_OURS,
0x004496d0,game,implemented,RebindEntitySlotEaxStackAbi,exact,authored,AnmSetVmScriptIndexAndExecute,AnmManager,src/AnmManager.cpp,100.00,36,ADOPT_EXACT,
0x00449700,game,implemented,ClearStageTextureSurfaceEaxAbi,,,,,,,,,
0x004497d0,game,implemented,ResolveChildEntityByKind,unclassified,authored,,,,0.00,70,VERIFY_OURS,
0x00449860,,,,exact,,th10::leaf::Fn00449860,,src/DecomphelpLeafAccessors.cpp,100.00,10,LIB_FREE,
0x00449870,game,implemented,AssignPoolVmScriptEcxEaxAbi,unclassified,authored,AnmLoadedView::InitializeVm,AnmManager,src/AnmVmCreate.cpp,0.00,217,VERIFY_OURS,
0x00449950,game,implemented,AllocatePoolVmEsiAbi,unclassified,authored,AnmRenderManagerView::AllocateVm,AnmManager,src/AnmManager.cpp,0.00,161,VERIFY_OURS,
0x00449a20,game,implemented,AdvanceSchedulerTickEcxAbi,exact,,th10::leaf::Fn00449A20,,src/DecomphelpLeafAccessors.cpp,100.00,8,VERIFY_OURS,
0x00449a30,,,,exact,,th10::leaf::Fn00449A30,,src/DecomphelpLeafAccessors.cpp,100.00,16,LIB_FREE,
0x00449a40,game,,nullsub_59,,,,,,,,UNSOURCED,
0x00449a50,game,implemented,InitializeSchedulerNodeEaxAbi,,,,,,,,,
0x00449a70,game,implemented,InitializeSchedulerNodeWithTimerEaxCcxAbi,,,,,,,,,
0x00449a90,game,implemented,ClearSchedulerNodeLinksEaxAbi,unclassified,,,,,0.00,12,VERIFY_OURS,
0x00449aa0,game,implemented,ConstructCallbackScheduler,unclassified,authored,,,,0.00,59,VERIFY_OURS,
0x00449ae0,game,implemented,InsertSchedulerNodeSortedListAEdiEsiAbi,unclassified,authored,,,,0.00,131,VERIFY_OURS,
0x00449b70,game,implemented,InsertSchedulerNodeSortedListBEdiEsiAbi,unclassified,authored,,,,0.00,131,VERIFY_OURS,
0x00449c00,game,implemented,DispatchCalculationSchedulerQueue,unclassified,authored,,,,0.00,273,VERIFY_OURS,
0x00449d40,game,implemented,DispatchDrawSchedulerQueue,unclassified,authored,,,,0.00,241,VERIFY_OURS,
0x00449e50,game,implemented,SweepSchedulerListEaxAbi,exact,authored,Chain::RemoveAllFromList,Chain,src/Chain.cpp,100.00,82,ADOPT_EXACT,
0x00449ed0,game,implemented,AllocateSchedulerNodeStackAbi,unclassified,authored,,,,0.00,74,VERIFY_OURS,
0x00449f60,game,implemented,DetachSchedulerNodeEcxEdxAbi,exact,authored,Chain::UnregisterElem,Chain,src/Chain.cpp,100.00,114,ADOPT_EXACT,
0x0044a000,game,implemented,QueueSchedulerCommandListAEaxEdiAbi,unclassified,authored,,,,0.00,43,VERIFY_OURS,
0x0044a030,game,implemented,QueueSchedulerCommandListBEaxEdiAbi,unclassified,authored,,,,0.00,43,VERIFY_OURS,
0x0044a0c0,game,implemented,ProbeMainChainJoystickAvailability,unclassified,authored,,,,0.00,105,VERIFY_OURS,
0x0044a190,game,implemented,PollJoystickConfigBitmaskEcxStackAbi,unclassified,authored,,,,0.00,833,VERIFY_OURS,
0x0044a4e0,game,implemented,PollJoystickButtonBytesEcxEsiAbi,unclassified,authored,,,,0.00,264,VERIFY_OURS,
0x0044a5f0,game,implemented,UpdateKeyConfigInputRecordEcxAbi,unclassified,authored,,,,0.00,850,VERIFY_OURS,
0x0044a950,game,implemented,LatchJoystickKeyStatesEcxAbi,,,,,,,,,
0x0044a9d0,game,implemented,UpdateKeyConfigInputRecordSlotZeroPollEcxAbi,,,,,,,,,
0x0044ad30,game,implemented,PollKeyConfigMenuInputMask,,,,,,,,,
0x0044b010,game,boundary,Call44B010,unclassified,authored,,,,0.00,103,,
0x0044b080,game,implemented,ReleaseMainChainKeyboardPressedState,unclassified,authored,,,,0.00,75,VERIFY_OURS,
0x0044b0d0,game,implemented,UnscramblePackedImageUserpurgeAbi,unclassified,authored,FileSystem::Decrypt,,src/FileSystem.cpp,0.00,323,VERIFY_OURS,
0x0044b220,game,implemented,ScrambleReplayImageUserpurgeAbi,unclassified,authored,FileSystem::Encrypt,,src/FileSystem.cpp,0.00,307,VERIFY_OURS,
0x0044b360,game,boundary,LoadHintFileContentsUsercall,unclassified,authored,FileSystem::OpenFile,,,0.00,360,,
0x0044b4d0,game,implemented,DoesMainChainFileExist,unclassified,authored,FileSystem::CheckIfFileAlreadyExists,,,0.00,111,VERIFY_OURS,
0x0044b540,game,implemented,WriteMainChainFile,unclassified,authored,,,,0.00,218,VERIFY_OURS,
0x0044b620,game,boundary,OpenHintTemplateFileStackAbi,unclassified,authored,,,,0.00,137,,
0x0044b6b0,game,implemented,OpenReplayFileForReadStdcallAbi,unclassified,authored,ReplayFile::Open,FileSystem,,0.00,137,VERIFY_OURS,
0x0044b740,game,boundary,AppendHintTemplateLineEsiEdxAbi,unclassified,authored,,,,0.00,76,,
0x0044b790,game,implemented,ReadReplayFileBlockEdiAbi,unclassified,authored,ReplayFile::Read,FileSystem,,0.00,74,VERIFY_OURS,
0x0044b7e0,game,implemented,CloseReplayFileReader,exact,authored,FileSystem::CloseWriteFile,FileSystem,src/FileSystem.cpp,100.00,37,ADOPT_EXACT,
0x0044b810,game,implemented,AppendMainChainErrorLogFormatEcxEfxAbi,exact,authored,GameErrorContext::Log,GameErrorContext,src/GameErrorContext.cpp,100.00,201,ADOPT_EXACT,
0x0044b8e0,game,implemented,AppendMainChainErrorLogFormatEdiEfxAbi,exact,authored,GameErrorContext::Fatal,GameErrorContext,src/GameErrorContext.cpp,100.00,201,ADOPT_EXACT,
0x0044b9b0,game,implemented,TimelinePrngAdvanceSingleEcxEaxAbi,exact,authored,RngView::GetRandomU16,RandomMath,src/RandomMath.cpp,100.00,39,ADOPT_EXACT,
0x0044b9e0,game,implemented,TimelinePrngDrawPairEcxEaxAbi,exact,authored,RngView::GetRandomU32,RandomMath,src/RandomMath.cpp,100.00,78,ADOPT_EXACT,
0x0044ba30,,,,unclassified,,,RandomMath,,0.00,78,LIB_FREE,
0x0044ba80,game,implemented,TimelinePrngDrawQuadPackedEcxEaxAbi,unclassified,,,,,0.00,155,VERIFY_OURS,
0x0044bb20,game,implemented,TimelinePrngDrawUnitDoubleEcxEfiAbi,exact,authored,RngView::GetRandomF32,RandomMath,src/RandomMath.cpp,100.00,109,ADOPT_EXACT,
0x0044bb90,game,implemented,TimelinePrngDrawSignedDoubleEcxEfiAbi,exact,authored,RngView::GetRandomF32Signed,RandomMath,src/RandomMath.cpp,100.00,115,ADOPT_EXACT,
0x0044bc10,game,implemented,WrapAngleSumStackAbi,exact,authored,AddNormalizeAngle,AnmManager,src/AnmManager.cpp,100.00,94,ADOPT_EXACT,
0x0044bc70,game,implemented,WrapAngleToPi,exact,authored,EnemyWrapAngle,Enemy,src/EnemyEclDispatcher.cpp,100.00,94,ADOPT_EXACT,
0x0044bd10,,,,unclassified,,,,,0.00,260,LIB_FREE,
0x0044be20,game,implemented,RunManagerCursorHandle,exact,authored,FrontEndCursorView::Push,FrontEnd,src/FrontEnd.cpp,100.00,66,ADOPT_EXACT,
0x0044be70,game,implemented,Call44BE70,exact,authored,FrontEndCursorView::Pop,FrontEnd,src/FrontEnd.cpp,100.00,47,ADOPT_EXACT,
0x0044bea0,game,implemented,ShiftManagerSelector,exact,authored,FrontEndCursorView::Move,FrontEnd,src/FrontEnd.cpp,100.00,128,ADOPT_EXACT,
0x0044bf20,game,,sub_44BF20,,,,,,,,UNSOURCED,
0x0044bf40,game,implemented,ShiftTimerByEsiStackAbi,exact,authored,AnmVmTimerView::Add,AnmManager,src/AnmManager.cpp,100.00,88,ADOPT_EXACT,
0x0044bff0,,,,exact,,th10::leaf::Fn0044BFF0,,src/DecomphelpLeafAccessors.cpp,100.00,6,LIB_FREE,
0x0044c000,game,implemented,CopyShiftJisTextLineEsiEdxStackAbi,,,,,,,,,
0x0044c070,,implemented,SumByteChecksumStride1EcxEaxEdxAbi,,,,,,,,,
0x0044c080,,implemented,SumByteChecksumStride2EcxEaxEdxAbi,,,,,,,,,
0x0044c0b0,,implemented,SumByteChecksumStride4EcxEaxEdxAbi,,,,,,,,,
0x0044c0e0,game,implemented,InitializeThreadControlInPlaceEaxAbi,exact,,th10::leaf::Fn0044C0E0,,src/DecomphelpLeafAccessors.cpp,100.00,21,VERIFY_OURS,
0x0044c100,,,,excluded,compiler,,,,0.00,36,LIB_FREE,
0x0044c130,,,,unclassified,,,,,0.00,16,LIB_FREE,
0x0044c140,game,,sub_44C140,,,,,,,,UNSOURCED,
0x0044c150,game,implemented,StopThreadControl,unclassified,authored,,,,0.00,101,VERIFY_OURS,
0x0044c1c0,game,implemented,RegisterTimelineContinuation,unclassified,authored,,,,0.00,56,VERIFY_OURS,
0x0044c250,game,,sub_44C250,exact,,th10::leaf::Fn0044C250,,src/DecomphelpLeafAccessors.cpp,100.00,4,LIB_FREE,
0x0044c2a0,game,implemented,IntegrateSubEffectPositionEsiAbi,unclassified,authored,,,,0.00,171,VERIFY_OURS,
0x0044c350,game,implemented,EasingCurveSelectorEaxStackAbi,unclassified,authored,CalculateAnmInterpolation,AnmManager,src/AnmManager.cpp,0.00,509,VERIFY_OURS,
0x0044c590,game,,sub_44C590,,,,,,,,UNSOURCED,
0x0044c5d0,game,implemented,PolarToCartesianEdiAbi,exact,authored,EnemyRuntimeVectorView::FromAngleMagnitude,Enemy,src/Enemy.cpp,100.00,30,ADOPT_EXACT,
0x0044c600,game,,sub_44C600,exact,,th10::leaf::Fn0044C600,,src/DecomphelpLeafAccessors.cpp,100.00,4,LIB_FREE,
0x0044c610,game,,nullsub_60,exact,,th10::leaf::Fn0044C610,,src/DecomphelpLeafAccessors.cpp,100.00,1,LIB_FREE,
0x0044c620,game,,sub_44C620,exact,,th10::leaf::Fn0044C620,,src/DecomphelpLeafAccessors.cpp,100.00,14,LIB_FREE,
0x0044c630,game,,nullsub_61,,,,,,,,UNSOURCED,
0x0044c640,,,,exact,,th10::leaf::Fn0044C640,,src/DecomphelpLeafAccessors.cpp,100.00,17,LIB_FREE,
0x0044c660,,,,exact,,th10::leaf::Fn0044C660,,src/DecomphelpLeafAccessors.cpp,100.00,1,LIB_FREE,
0x0044c6d0,,,,exact,,th10::leaf::Fn0044C6D0,,src/DecomphelpLeafAccessors.cpp,100.00,12,LIB_FREE,
0x0044c760,,,,exact,,th10::leaf::Fn0044C760,,src/DecomphelpLeafAccessors.cpp,100.00,7,LIB_FREE,
0x0044c7e0,game,implemented,ConfigureMainChainPrimarySoundFormat,unclassified,authored,,,,0.00,260,VERIFY_OURS,
0x0044c8f0,game,implemented,CreateBgmStreamAdapter,unclassified,authored,,,,0.00,702,VERIFY_OURS,
0x0044cbf0,game,implemented,CreateMemoryBgmStreamAdapter,unclassified,authored,CSoundManager::CreateStreamingFromMemory,ZWave,src/ZWave.cpp,0.00,651,VERIFY_OURS,
0x0044ce80,game,implemented,ConstructTransitionSoundAdapter,unclassified,authored,,,,0.00,118,VERIFY_OURS,
0x0044cf00,,,,excluded,compiler,,,,0.00,30,LIB_FREE,
0x0044cf20,game,implemented,RecreateBgmStreamBuffers,unclassified,authored,,,,0.00,338,VERIFY_OURS,
0x0044d080,game,implemented,DestroyTransitionSoundAdapterInPlace,exact,,CSound::~CSound,ZWave,src/ZWave.cpp,100.00,136,VERIFY_OURS,
0x0044d110,game,implemented,InitializeTransitionSoundBuffer,exact,authored,CSound::FillBufferWithSound,ZWave,src/ZWave.cpp,100.00,483,ADOPT_EXACT,
0x0044d300,game,implemented,EnsureTransitionBufferRestoredEsiEbxAbi,exact,authored,CSound::RestoreBuffer,ZWave,src/ZWave.cpp,100.00,98,ADOPT_EXACT,
0x0044d370,game,implemented,SelectTransitionSoundSlot,exact,authored,CSound::GetFreeBuffer,ZWave,src/ZWave.cpp,100.00,103,ADOPT_EXACT,
0x0044d440,game,implemented,StartTransitionSoundAdapter,exact,authored,CSound::Play,ZWave,src/ZWave.cpp,100.00,145,ADOPT_EXACT,
0x0044d4e0,game,implemented,SetTransitionBufferVolume,exact,authored,CSound::SetVolume,ZWave,src/ZWave.cpp,100.00,106,ADOPT_EXACT,
0x0044d550,game,implemented,StopAndRewindTransitionSoundAdapter,exact,authored,CSound::Stop,ZWave,src/ZWave.cpp,100.00,82,ADOPT_EXACT,
0x0044d5b0,game,implemented,StopBgmStreamAdapter,exact,authored,CSound::Pause,ZWave,src/ZWave.cpp,100.00,29,ADOPT_EXACT,
0x0044d5d0,game,implemented,StartBgmStreamAdapter,exact,authored,CSound::Unpause,ZWave,src/ZWave.cpp,100.00,41,ADOPT_EXACT,
0x0044d600,game,implemented,RewindTransitionSoundAdapter,exact,authored,CSound::Reset,ZWave,src/ZWave.cpp,100.00,61,ADOPT_EXACT,
0x0044d6a0,game,implemented,ConstructSingleTransitionSoundAdapter,unclassified,authored,,,,0.00,109,VERIFY_OURS,
0x0044d710,,,,excluded,compiler,,,,0.00,30,LIB_FREE,
0x0044d730,game,,sub_44D730,exact,,CStreamingSound::~CStreamingSound,ZWave,src/ZWave.cpp,100.00,11,LIB_FREE,
0x0044d850,game,implemented,RefillBgmStreamNotification,unclassified,authored,,,,0.00,637,VERIFY_OURS,
0x0044dad0,game,implemented,RewindBgmStreamAdapter,unclassified,authored,,,,0.00,213,VERIFY_OURS,
0x0044dbb0,game,implemented,ClearBgmStreamSourceStateEaxAbi,exact,,th10::leaf::Fn0044DBB0,,src/DecomphelpLeafAccessors.cpp,100.00,17,VERIFY_OURS,
0x0044dbf0,game,implemented,InitializeBgmStreamSource,unclassified,authored,,,,0.00,173,VERIFY_OURS,
0x0044dca0,game,implemented,RebindBgmStreamSourceDescriptor,exact,authored,CWaveFile::Reopen,ZWave,src/ZWave.cpp,100.00,78,ADOPT_EXACT,
0x0044dd30,game,,sub_44DD30,exact,,th10::leaf::Fn0044DD30,,src/DecomphelpLeafAccessors.cpp,100.00,4,LIB_FREE,
0x0044dd40,game,implemented,RewindBgmStreamSource,exact,authored,CWaveFile::ResetFile,ZWave,src/ZWave.cpp,100.00,194,ADOPT_EXACT,
0x0044de10,game,implemented,CopyBgmStreamSourceData,exact,authored,CWaveFile::Read,ZWave,src/ZWave.cpp,100.00,202,ADOPT_EXACT,
0x0044df00,game,,nullsub_62,,,,,,,,UNSOURCED,
0x0044df10,game,,nullsub_63,exact,,th10::leaf::Fn0044DF10,,src/DecomphelpLeafAccessors.cpp,100.00,1,LIB_FREE,
0x0044df20,game,implemented,ResolveEclChunkMarkedSlotEcxEaxAbi,,,,,,,,,
0x0044df30,game,,sub_44DF30,exact,,th10::leaf::Fn0044DF30,,src/DecomphelpLeafAccessors.cpp,100.00,3,LIB_FREE,
0x0044df40,game,,sub_44DF40,exact,,th10::leaf::Fn0044DF40,,src/DecomphelpLeafAccessors.cpp,100.00,7,LIB_FREE,
0x0044df50,game,,sub_44DF50,exact,,th10::leaf::Fn0044DF50,,src/DecomphelpLeafAccessors.cpp,100.00,7,LIB_FREE,
0x0044df60,game,,sub_44DF60,exact,,th10::leaf::Fn0044DF60,,src/DecomphelpLeafAccessors.cpp,100.00,7,LIB_FREE,
0x0044df70,game,implemented,BeginEclSubFrame,unclassified,authored,EclVmContext::StartSubroutine,EclVm,src/EclVm.cpp,0.00,550,VERIFY_OURS,
0x0044e1a0,game,implemented,ExecuteEclInstruction,unclassified,authored,EclVmContext::Run,EclVm,src/EclVm.cpp,0.00,7020,VERIFY_OURS+BOUNDARY_MISMATCH,crt=6690 theirs=7020
0x0044fd10,game,implemented,RunEclContextListEdiStackAbi,exact,authored,EclVmHost::Run,EclVm,src/EclVm.cpp,100.00,146,ADOPT_EXACT,
0x0044fdb0,game,implemented,EclVmEvalIntArgFromIns,unclassified,authored,EclVmContext::ReadInt,EclVm,src/EclVm.cpp,0.00,144,VERIFY_OURS,
0x0044fe40,game,implemented,EclVmEvalFloatArgFromIns,exact,authored,EclVmContext::ReadFloat,EclVm,src/EclVm.cpp,100.00,183,ADOPT_EXACT,
0x0044ff00,game,implemented,EclVmEvalIntArg,exact,authored,EclVmContext::ReadIntValue,EclVm,src/EclVm.cpp,100.00,124,ADOPT_EXACT,
0x0044ff80,game,implemented,EclVmEvalFloatArg,exact,authored,EclVmContext::ReadFloatValue,EclVm,src/EclVm.cpp,100.00,171,ADOPT_EXACT,
0x00450030,game,implemented,EclVmResolvePointerArg,exact,authored,EclVmContext::ResolveInt,EclVm,src/EclVm.cpp,100.00,58,ADOPT_EXACT,
0x00450070,game,implemented,EclVmResolveStringArg,exact,authored,EclVmContext::ResolveFloat,EclVm,src/EclVm.cpp,100.00,93,ADOPT_EXACT,
0x004500d0,game,implemented,SpawnEclSubContext,exact,authored,EclVmHost::SpawnThread,EclVm,src/EclVm.cpp,100.00,142,ADOPT_EXACT,
0x00450160,game,implemented,FindEclContextNodeById,exact,authored,EclVmHost::FindThread,EclVm,src/EclVm.cpp,100.00,36,ADOPT_EXACT,
0x00450190,game,implemented,EclVmOpcode21EaxAbi,exact,authored,EclVmHost::StopAllThreads,EclVm,src/EclVm.cpp,100.00,31,ADOPT_EXACT,
0x004501b0,game,implemented,EclVmOpcode81HelperEcxEfxAbi,exact,authored,EclVmPolarVectorView::FromAngleMagnitude,EclVm,src/EclVm.cpp,100.00,30,ADOPT_EXACT,
0x004501d0,game,,nullsub_64,,,,,,,,UNSOURCED,
0x004501e0,game,,sub_4501E0,exact,,th10::leaf::Fn004501E0,,src/DecomphelpLeafAccessors.cpp,100.00,7,LIB_FREE,
0x004501f0,game,,sub_4501F0,,,,,,,,UNSOURCED,
0x00450200,game,,sub_450200,,,,,,,,UNSOURCED,
0x00450210,game,implemented,SetEclContextListRecordEaxStackAbi,,,,,,,,,
0x00450220,game,implemented,RegisterScriptFileNamesThisStackAbi,unclassified,authored,EclVmScriptDatabase::AddScriptData,EclVm,src/EclVm.cpp,0.00,589,VERIFY_OURS,
0x00450470,game,implemented,ResolveScriptTableIndexEaxAbi,exact,authored,EclVmScriptDatabase::FindSubroutine,EclVm,src/EclVm.cpp,100.00,136,ADOPT_EXACT,
0x00450500,game,implemented,CreateEclContextListStackAbi,,,,,,,,,
0x004505b0,game,implemented,EclVmPushTypedEaxDlStackAbi,exact,authored,EclVmStackView::Push,EclVm,src/EclVm.cpp,100.00,96,ADOPT_EXACT,
0x00450610,,,,exact,authored,EclVmStackView::Pop,EclVm,src/EclVm.cpp,100.00,122,IMPORT_EXACT,
0x00450690,game,implemented,EclVmPushIntEaxEcxAbi,exact,authored,EclVmStackView::EnterFrame,EclVm,src/EclVm.cpp,100.00,64,ADOPT_EXACT,
0x004506d0,game,implemented,EclVmPopTopEaxAbi,exact,authored,EclVmStackView::LeaveFrame,EclVm,src/EclVm.cpp,100.00,41,ADOPT_EXACT,
0x00450700,game,implemented,BindEclContextListEntryEcxEsiAbi,unclassified,authored,,,,0.00,30,VERIFY_OURS,
0x0045071e,thunk,,DirectInput8Create,excluded,import_thunk,,PEImport,,0.00,6,LIB_FREE,
0x00451354,game,,nullsub_65,,,,,,,,UNSOURCED,
0x00451364,game,,nullsub_66,,,,,,,,UNSOURCED,
0x004513d4,game,,nullsub_67,,,,,,,,UNSOURCED,
0x004513e4,game,,nullsub_68,,,,,,,,UNSOURCED,
0x00452170,thunk,,DirectSoundCreate8,excluded,import_thunk,,PEImport,,0.00,6,LIB_FREE,
0x00452176,thunk,,Direct3DCreate9,excluded,import_thunk,,PEImport,,0.00,6,LIB_FREE,
0x0045217c,thunk,,D3DXVec3Normalize,excluded,import_thunk,,PEImport,,0.00,6,LIB_FREE,
0x00452182,thunk,,D3DXMatrixTranslation,excluded,import_thunk,,PEImport,,0.00,6,LIB_FREE,
0x00452188,thunk,,D3DXVec3ProjectArray,excluded,import_thunk,,PEImport,,0.00,6,LIB_FREE,
0x0045218e,thunk,,D3DXVec3Project,excluded,import_thunk,,PEImport,,0.00,6,LIB_FREE,
0x00452194,thunk,,D3DXMatrixLookAtLH,excluded,import_thunk,,PEImport,,0.00,6,LIB_FREE,
0x0045219a,thunk,,D3DXMatrixPerspectiveFovLH,excluded,import_thunk,,PEImport,,0.00,6,LIB_FREE,
0x004521a0,thunk,,D3DXCreateTexture,excluded,import_thunk,,PEImport,,0.00,6,LIB_FREE,
0x004521a6,thunk,,D3DXLoadSurfaceFromMemory,excluded,import_thunk,,PEImport,,0.00,6,LIB_FREE,
0x004521ac,thunk,,D3DXMatrixRotationX,excluded,import_thunk,,PEImport,,0.00,6,LIB_FREE,
0x004521b2,thunk,,D3DXMatrixMultiply,excluded,import_thunk,,PEImport,,0.00,6,LIB_FREE,
0x004521b8,thunk,,D3DXMatrixRotationY,excluded,import_thunk,,PEImport,,0.00,6,LIB_FREE,
0x004521be,thunk,,D3DXMatrixRotationZ,excluded,import_thunk,,PEImport,,0.00,6,LIB_FREE,
0x004521c4,thunk,,D3DXVec3Transform,excluded,import_thunk,,PEImport,,0.00,6,LIB_FREE,
0x004521ca,thunk,,D3DXCreateTextureFromFileInMemoryEx,excluded,import_thunk,,PEImport,,0.00,6,LIB_FREE,
0x004521d0,thunk,,D3DXLoadSurfaceFromFileInMemory,excluded,import_thunk,,PEImport,,0.00,6,LIB_FREE,
0x004521d6,thunk,,D3DXLoadSurfaceFromSurface,excluded,import_thunk,,PEImport,,0.00,6,LIB_FREE,
0x004521dc,thunk,,timeGetTime,,,,,,,,LIB_FREE,
0x004521e2,thunk,,timeEndPeriod,,,,,,,,LIB_FREE,
0x004521e8,thunk,,timeBeginPeriod,,,,,,,,LIB_FREE,
0x004521ee,thunk,,midiOutOpen,,,,,,,,LIB_FREE,
0x004521f4,thunk,,midiOutReset,,,,,,,,LIB_FREE,
0x004521fa,thunk,,midiOutClose,,,,,,,,LIB_FREE,
0x00452200,thunk,,midiOutPrepareHeader,,,,,,,,LIB_FREE,
0x00452206,thunk,,midiOutLongMsg,,,,,,,,LIB_FREE,
0x0045220c,thunk,,midiOutShortMsg,,,,,,,,LIB_FREE,
0x00452212,thunk,,midiOutGetDevCapsA,,,,,,,,LIB_FREE,
0x00452218,thunk,,timeGetDevCaps,,,,,,,,LIB_FREE,
0x0045221e,thunk,,timeSetEvent,,,,,,,,LIB_FREE,
0x00452224,thunk,,timeKillEvent,,,,,,,,LIB_FREE,
0x0045222a,thunk,,midiOutUnprepareHeader,,,,,,,,LIB_FREE,
0x00452230,thunk,,joyGetPosEx,,,,,,,,LIB_FREE,
0x00452236,thunk,,joyGetDevCapsA,,,,,,,,LIB_FREE,
0x0045223c,thunk,,FindFirstFileA,,,,,,,,LIB_FREE,
0x00452242,thunk,,FindNextFileA,,,,,,,,LIB_FREE,
0x00452248,thunk,,FindClose,,,,,,,,LIB_FREE,
0x0045224e,thunk,,Sleep,,,,,,,,LIB_FREE,
0x00452254,thunk,,EnterCriticalSection,,,,,,,,LIB_FREE,
0x0045225a,thunk,,LeaveCriticalSection,,,,,,,,LIB_FREE,
0x00452260,thunk,,InitializeCriticalSection,,,,,,,,LIB_FREE,
0x00452266,thunk,,DeleteCriticalSection,,,,,,,,LIB_FREE,
0x0045226c,thunk,,DeleteFileA,,,,,,,,LIB_FREE,
0x00452272,thunk,,CreateFileA,,,,,,,,LIB_FREE,
0x00452278,thunk,,SetFilePointer,,,,,,,,LIB_FREE,
0x0045227e,thunk,,CloseHandle,,,,,,,,LIB_FREE,
0x00452284,thunk,,ReadFile,,,,,,,,LIB_FREE,
0x0045228a,thunk,,WriteFile,,,,,,,,LIB_FREE,
0x00452290,thunk,,GetFileSize,,,,,,,,LIB_FREE,
0x00452296,thunk,,GetModuleFileNameA,,,,,,,,LIB_FREE,
0x0045229c,thunk,,CreateProcessA,,,,,,,,LIB_FREE,
0x004522a2,thunk,,GetExitCodeProcess,,,,,,,,LIB_FREE,
0x004522a8,thunk,,FindResourceA,,,,,,,,LIB_FREE,
0x004522ae,thunk,,LoadResource,,,,,,,,LIB_FREE,
0x004522b4,thunk,,LockResource,,,,,,,,LIB_FREE,
0x004522ba,thunk,,FreeResource,,,,,,,,LIB_FREE,
0x004522c0,thunk,,SizeofResource,,,,,,,,LIB_FREE,
0x004522c6,thunk,,QueryPerformanceCounter,,,,,,,,LIB_FREE,
0x004522cc,thunk,,GetConsoleTitleA,,,,,,,,LIB_FREE,
0x004522d2,thunk,,MultiByteToWideChar,,,,,,,,LIB_FREE,
0x004522d8,thunk,,GetStartupInfoA,,,,,,,,LIB_FREE,
0x004522de,thunk,,GetLastError,,,,,,,,LIB_FREE,
0x004522e4,thunk,,CreateMutexA,,,,,,,,LIB_FREE,
0x004522ea,thunk,,QueryPerformanceFrequency,,,,,,,,LIB_FREE,
0x004522f0,thunk,,CreateThread,,,,,,,,LIB_FREE,
0x004522f6,thunk,,WaitForSingleObject,,,,,,,,LIB_FREE,
0x004522fc,thunk,,CreateEventA,,,,,,,,LIB_FREE,
0x00452302,thunk,,FormatMessageA,,,,,,,,LIB_FREE,
0x00452308,thunk,,LocalFree,,,,,,,,LIB_FREE,
0x0045230e,thunk,,GetVersionExA,,,,,,,,LIB_FREE,
0x00452314,thunk,,ResumeThread,,,,,,,,LIB_FREE,
0x0045231a,thunk,,DrawTextA,,,,,,,,LIB_FREE,
0x00452320,thunk,,MoveWindow,,,,,,,,LIB_FREE,
0x00452326,thunk,,RegisterClassA,,,,,,,,LIB_FREE,
0x0045232c,thunk,,WINNLSEnableIME,excluded,import_thunk,,PEImport,,0.00,6,LIB_FREE,
0x00452332,thunk,,DialogBoxParamA,,,,,,,,LIB_FREE,
0x00452338,thunk,,LoadCursorA,,,,,,,,LIB_FREE,
0x0045233e,thunk,,GetSystemMetrics,,,,,,,,LIB_FREE,
0x00452344,thunk,,SystemParametersInfoA,,,,,,,,LIB_FREE,
0x0045234a,thunk,,DispatchMessageA,,,,,,,,LIB_FREE,
0x00452350,thunk,,IsDlgButtonChecked,,,,,,,,LIB_FREE,
0x00452356,thunk,,ShowWindow,,,,,,,,LIB_FREE,
0x0045235c,thunk,,DefWindowProcA,,,,,,,,LIB_FREE,
0x00452362,thunk,,EndDialog,,,,,,,,LIB_FREE,
0x00452368,thunk,,GetDlgItem,,,,,,,,LIB_FREE,
0x0045236e,thunk,,PeekMessageA,,,,,,,,LIB_FREE,
0x00452374,thunk,,CreateWindowExA,,,,,,,,LIB_FREE,
0x0045237a,thunk,,MessageBoxA,,,,,,,,LIB_FREE,
0x00452380,thunk,,ShowCursor,,,,,,,,LIB_FREE,
0x00452386,thunk,,TranslateMessage,,,,,,,,LIB_FREE,
0x0045238c,thunk,,SendMessageA,,,,,,,,LIB_FREE,
0x00452392,thunk,,SetForegroundWindow,,,,,,,,LIB_FREE,
0x00452398,thunk,,SetCursor,,,,,,,,LIB_FREE,
0x0045239e,thunk,,DestroyWindow,,,,,,,,LIB_FREE,
0x004523a4,thunk,,GetWindowLongA,,,,,,,,LIB_FREE,
0x004523aa,thunk,,SetTimer,,,,,,,,LIB_FREE,
0x004523b0,thunk,,KillTimer,,,,,,,,LIB_FREE,
0x004523b6,thunk,,PostThreadMessageA,,,,,,,,LIB_FREE,
0x004523bc,thunk,,MsgWaitForMultipleObjects,,,,,,,,LIB_FREE,
0x004523c2,thunk,,GetKeyboardState,,,,,,,,LIB_FREE,
0x004523c8,thunk,,SetKeyboardState,,,,,,,,LIB_FREE,
0x004523ce,thunk,,FindWindowA,,,,,,,,LIB_FREE,
0x004523d4,thunk,,CreateFontA,,,,,,,,LIB_FREE,
0x004523da,thunk,,DeleteObject,,,,,,,,LIB_FREE,
0x004523e0,thunk,,SelectObject,,,,,,,,LIB_FREE,
0x004523e6,thunk,,DeleteDC,,,,,,,,LIB_FREE,
0x004523ec,thunk,,CreateDIBSection,,,,,,,,LIB_FREE,
0x004523f2,thunk,,CreateCompatibleDC,,,,,,,,LIB_FREE,
0x004523f8,thunk,,SetBkMode,,,,,,,,LIB_FREE,
0x004523fe,thunk,,SetTextColor,,,,,,,,LIB_FREE,
0x00452404,thunk,,TextOutA,,,,,,,,LIB_FREE,
0x0045240a,thunk,,GetStockObject,,,,,,,,LIB_FREE,
0x00452410,thunk,,CoCreateInstance,,,,,,,,LIB_FREE,
0x00452416,thunk,,CoUninitialize,,,,,,,,LIB_FREE,
0x0045241c,thunk,,CoInitialize,,,,,,,,LIB_FREE,
0x00452422,library,,_free,exact,library,_free,CRT,,100.00,113,LIB_FREE,
0x00452475,,,,excluded,library,,CRT,,0.00,9,LIB_FREE,
0x00452493,library,,??2@YAPAXI@Z,exact,library,??2@YAPAXI@Z,CRT,,100.00,14,LIB_FREE,
0x004524a1,thunk,,j__free,excluded,library,,CRT,,0.00,5,LIB_FREE,
0x004524a6,library,,_vsprintf,exact,library,_vsprintf,CRT,,100.00,87,LIB_FREE,
0x004524fd,,,,exact,library,__vscprintf,CRT,,100.00,48,LIB_FREE,
0x0045252d,library,,??_L@YGXPAXIHP6EX0@Z1@Z,exact,library,??_L@YGXPAXIHP6EX0@Z1@Z,CRT,,100.00,74,LIB_FREE,crt=98 theirs=74
0x00452577,,,,excluded,library,,CRT,,0.00,24,LIB_FREE,
0x0045258f,library,,?ArrayUnwindFilter@@YAHPAU_EXCEPTION_POINTERS@@@Z,,,,,,,,LIB_FREE,
0x004525a1,library,,?__ArrayUnwind@@YGXPAXIHP6EX0@Z@Z,exact,library,?__ArrayUnwind@@YGXPAXIHP6EX0@Z@Z,CRT,,100.00,47,LIB_FREE,crt=94 theirs=47
0x004525ff,library,,??_M@YGXPAXIHP6EX0@Z@Z,exact,library,??_M@YGXPAXIHP6EX0@Z@Z,CRT,,100.00,72,LIB_FREE,crt=96 theirs=72
0x00452647,,,,excluded,library,,CRT,,0.00,24,LIB_FREE,
0x0045265f,library,,__heap_alloc,exact,library,__heap_alloc,CRT,,100.00,111,LIB_FREE,crt=123 theirs=111
0x004526d1,,,,excluded,library,,CRT,,0.00,9,LIB_FREE,
0x004526da,library,,__nh_malloc,exact,library,__nh_malloc,CRT,,100.00,44,LIB_FREE,
0x00452706,library,,_malloc,exact,library,_malloc,CRT,,100.00,18,LIB_FREE,
0x00452730,library,,_strchr,exact,library,_strchr,CRT,,100.00,190,LIB_FREE,
0x004527ee,library,,_atol,exact,library,_atol,CRT,,100.00,136,LIB_FREE,
0x00452876,thunk,,j__atol,excluded,library,,CRT,,0.00,5,LIB_FREE,
0x0045287b,library,,__atoi64,,,,,,,,LIB_FREE,
0x00452930,library,,_strrchr,exact,library,_strrchr,CRT,,100.00,45,LIB_FREE,
0x00452960,library,,_strncpy,exact,library,_strncpy,CRT,,100.00,292,LIB_FREE,
0x00452a84,library,,_atof,exact,library,_atof,CRT,,100.00,56,LIB_FREE,
0x00452abc,library,implemented,CreateMainChainDirectory,exact,library,__mkdir,CRT,,100.00,44,VERIFY_OURS,
0x00452ae8,library,,_sprintf,exact,library,_sprintf,CRT,,100.00,88,LIB_FREE,
0x00452b40,,,,exact,library,__scprintf,CRT,,100.00,49,LIB_FREE,
0x00452b71,library,,_time,exact,library,_time,CRT,,100.00,57,LIB_FREE,
0x00452baa,library,,_localtime,exact,library,_localtime,CRT,,100.00,384,LIB_FREE,
0x00452d2a,library,,__onexit_lk,exact,library,__onexit_lk,CRT,,100.00,128,LIB_FREE,
0x00452daa,library,,___onexitinit,exact,library,___onexitinit,CRT,,100.00,40,LIB_FREE,
0x00452dd2,library,,__onexit,exact,library,__onexit,CRT,,100.00,50,LIB_FREE,crt=56 theirs=50
0x00452e04,,,,excluded,library,,CRT,,0.00,6,LIB_FREE,
0x00452e0a,library,,_atexit,exact,library,_atexit,CRT,,100.00,18,LIB_FREE,
0x00452e1c,library,,__endthread,exact,library,__endthread,CRT,,100.00,61,LIB_FREE,
0x00452e5a,library,,__threadstart@4,exact,library,__threadstart@4,CRT,,100.00,134,LIB_FREE,crt=146 theirs=134
0x00452eec,library,,__beginthread,exact,library,__beginthread,CRT,,100.00,145,LIB_FREE,
0x00452f80,library,,_strncmp,exact,library,_strncmp,CRT,,100.00,57,LIB_FREE,
0x00452fb9,library,,_sscanf,exact,library,_sscanf,CRT,,100.00,52,LIB_FREE,
0x00452ff0,library,,_floor,excluded,library,,CRT,,0.00,289,LIB_FREE,
0x00453111,game,,sub_453111,exact,library,__chdir,CRT,,100.00,328,LIB_FREE,
0x00453259,library,,__purecall,,,,,,,,LIB_FREE,
0x0045326d,game,,sub_45326D,,,,,,,,UNSOURCED,
0x00453280,library,,_memcpy,exact,library,_memcpy,CRT,,100.00,829,LIB_FREE,
0x004535bd,library,,__endthreadex,exact,library,__endthreadex,CRT,,100.00,48,LIB_FREE,
0x004535ee,library,,__threadstartex@4,exact,library,__threadstartex@4,CRT,,100.00,137,LIB_FREE,crt=149 theirs=137
0x00453683,library,,__beginthreadex,exact,library,__beginthreadex,CRT,,100.00,139,LIB_FREE,
0x0045370e,library,,_srand,,,,,,,,LIB_FREE,
0x0045371b,library,,_rand,exact,library,_rand,CRT,,100.00,34,LIB_FREE,
0x0045373d,library,,__amsg_exit,exact,library,__amsg_exit,CRT,,100.00,37,LIB_FREE,
0x00453762,library,,_fast_error_exit,exact,library,_fast_error_exit,CRT,,100.00,36,LIB_FREE,crt=33 theirs=36
0x00453786,library,,_check_managed_app,,,,,,,,LIB_FREE,
0x004537dc,library,,start,exact,library,_WinMainCRTStartup,CRT,,100.00,469,LIB_FREE,
0x004539b1,library,,___heap_select,exact,library,___heap_select,CRT,,100.00,26,LIB_FREE,
0x004539cb,library,,__heap_init,exact,library,__heap_init,CRT,,100.00,81,LIB_FREE,
0x00453a1c,library,,__heap_term,,,,,,,,LIB_FREE,
0x00453a9b,game,,sub_453A9B,,,,,,,,UNSOURCED,
0x00453aa1,library,,__mtinitlocks,exact,library,__mtinitlocks,CRT,,100.00,73,LIB_FREE,
0x00453aea,library,,__mtdeletelocks,exact,library,__mtdeletelocks,CRT,,100.00,85,LIB_FREE,
0x00453b3f,library,,__unlock,exact,library,__unlock,CRT,,100.00,21,LIB_FREE,
0x00453b54,library,,__lockerr_exit,,,,,,,,LIB_FREE,
0x00453b60,library,,sub_453B60,,,,,,,,LIB_FREE,
0x00453b6c,library,,__mtinitlocknum,exact,library,__mtinitlocknum,CRT,,100.00,151,LIB_FREE,crt=160 theirs=151
0x00453c03,,,,excluded,library,,CRT,,0.00,9,LIB_FREE,
0x00453c0c,library,,__lock,exact,library,__lock,CRT,,100.00,49,LIB_FREE,
0x00453c3d,library,,__get_sbh_threshold,,,,,,,,LIB_FREE,
0x00453c52,library,,___sbh_heap_init,exact,library,___sbh_heap_init,CRT,,100.00,72,LIB_FREE,
0x00453c9a,library,,___sbh_find_block,exact,library,___sbh_find_block,CRT,,100.00,43,LIB_FREE,
0x00453cc5,library,,___sbh_free_block,exact,library,___sbh_free_block,CRT,,100.00,792,LIB_FREE,
0x00453fdd,library,,___sbh_alloc_new_region,exact,library,___sbh_alloc_new_region,CRT,,100.00,183,LIB_FREE,
0x00454094,library,,___sbh_alloc_new_group,exact,library,___sbh_alloc_new_group,CRT,,100.00,262,LIB_FREE,
0x0045419a,library,,___sbh_resize_block,exact,library,___sbh_resize_block,CRT,,100.00,735,LIB_FREE,
0x00454479,library,,___sbh_heapmin,,,,,,,,LIB_FREE,
0x0045454a,library,,___sbh_heap_check,exact,library,___sbh_heap_check,CRT,,100.00,793,LIB_FREE,
0x00454863,library,,__set_sbh_threshold,,,,,,,,LIB_FREE,
0x004548be,library,,___sbh_alloc_block,exact,library,___sbh_alloc_block,CRT,,100.00,764,LIB_FREE,
0x00454bbc,library,,__SEH_prolog,exact,library,__SEH_prolog,CRT,,100.00,59,LIB_FREE,
0x00454bf7,library,,__SEH_epilog,exact,library,__SEH_epilog,CRT,,100.00,17,LIB_FREE,
0x00454c10,library,,__except_handler3,,,,,,,,LIB_FREE,
0x00454cf6,library,,__seh_longjmp_unwind@4,exact,library,__seh_longjmp_unwind@4,CRT,,100.00,27,LIB_FREE,
0x00454d11,library,,__flsbuf,exact,library,__flsbuf,CRT,,100.00,281,LIB_FREE,
0x00454e2a,library,,_write_char,exact,library,_write_char,CRT,,100.00,51,LIB_FREE,
0x00454e5d,library,,_write_multi_char,exact,library,_write_multi_char,CRT,,100.00,36,LIB_FREE,
0x00454e81,library,,_write_string,exact,library,_write_string,CRT,,100.00,55,LIB_FREE,
0x00454eb8,library,,_get_int_arg,,,,,,,,LIB_FREE,
0x00454ec1,library,,_get_int64_arg,,,,,,,,LIB_FREE,
0x00454ecd,library,,_get_short_arg,,,,,,,,LIB_FREE,
0x00454ed7,game,,sub_454ED7,exact,library,__output,CRT,,100.00,1946,LIB_FREE,
0x00455693,library,,?terminate@@YAXXZ,exact,library,?terminate@@YAXXZ,CRT,,100.00,53,LIB_FREE,
0x004556c8,library,,?unexpected@@YAXXZ,,,,,,,,LIB_FREE,
0x004556e0,library,,?_inconsistency@@YAXXZ,exact,library,?_inconsistency@@YAXXZ,CRT,,100.00,45,LIB_FREE,
0x0045570d,library,,?_set_new_handler@@YAP6AHI@ZP6AHI@Z@Z,,,,,,,,LIB_FREE,
0x00455731,game,,sub_455731,,,,,,,,UNSOURCED,
0x00455737,library,,__callnewh,exact,library,__callnewh,CRT,,100.00,27,LIB_FREE,
0x00455752,library,,___isctype_mt,exact,library,___isctype_mt,CRT,,100.00,119,LIB_FREE,
0x004557c9,library,,__isctype,,,,,,,,LIB_FREE,
0x004557f0,game,,sub_4557F0,,,,,,,,UNSOURCED,
0x004557f6,game,,sub_4557F6,,,,,,,,UNSOURCED,
0x004557fc,library,,___freetlocinfo,exact,library,___freetlocinfo,CRT,,100.00,208,LIB_FREE,
0x004558cc,library,,___updatetlocinfo_lk,exact,library,___updatetlocinfo_lk,CRT,,100.00,193,LIB_FREE,
0x0045598d,game,,sub_45598D,,,,,,,,UNSOURCED,
0x00455990,library,,__strcats,exact,library,__strcats,CRT,,100.00,36,LIB_FREE,
0x004559b4,library,,___lc_strtolc,exact,library,___lc_strtolc,CRT,,100.00,220,LIB_FREE,
0x00455a90,library,,___lc_lctostr,exact,library,___lc_lctostr,CRT,,100.00,78,LIB_FREE,
0x00455ade,library,,___updatetlocinfo,exact,library,___updatetlocinfo,CRT,,100.00,50,LIB_FREE,crt=59 theirs=50
0x00455b10,,,,excluded,library,,CRT,,0.00,9,LIB_FREE,
0x00455b19,game,,sub_455B19,,,,,,,,UNSOURCED,
0x00455bf3,game,,sub_455BF3,,,,,,,,UNSOURCED,
0x00455d53,game,,sub_455D53,,,,,,,,UNSOURCED,
0x00455fe7,game,,sub_455FE7,,,,,,,,UNSOURCED,
0x004561c4,library,,_setlocale,,,,,,,,LIB_FREE,
0x0045631e,,,,exact,library,___crtTlsAlloc@4,CRT,,100.00,9,LIB_FREE,
0x00456327,library,,__mtterm,exact,library,__mtterm,CRT,,100.00,29,LIB_FREE,
0x00456344,library,,__initptd,exact,library,__initptd,CRT,,100.00,19,LIB_FREE,
0x00456357,library,,__getptd,exact,library,__getptd,CRT,,100.00,113,LIB_FREE,
0x004563c8,library,,__freefls@4,exact,library,__freefls@4,CRT,,100.00,301,LIB_FREE,crt=327 theirs=301
0x004564fa,,,,excluded,library,,CRT,,0.00,9,LIB_FREE,
0x00456506,,,,excluded,library,,CRT,,0.00,9,LIB_FREE,
0x0045650f,library,,__freeptd,exact,library,__freeptd,CRT,,100.00,47,LIB_FREE,
0x0045653e,thunk,,GetCurrentThreadId,,,,,,,,LIB_FREE,
0x00456544,thunk,,GetCurrentThread,,,,,,,,LIB_FREE,
0x0045654a,library,,__mtinit,exact,library,__mtinit,CRT,,100.00,239,LIB_FREE,
0x00456640,library,,__allmul,exact,library,__allmul,CRT,,100.00,52,LIB_FREE,
0x00456674,game,,sub_456674,exact,library,__fltin2,CRT,,100.00,161,LIB_FREE,
0x00456720,library,,_strlen,exact,library,_strlen,CRT,,100.00,139,LIB_FREE,
0x004567ab,library,,_isalpha,,,,,,,,LIB_FREE,
0x004567ea,library,,_isupper,,,,,,,,LIB_FREE,
0x00456824,library,,_islower,,,,,,,,LIB_FREE,
0x0045685e,library,,_isdigit,exact,library,_isdigit,CRT,,100.00,58,LIB_FREE,
0x00456898,library,,_isxdigit,exact,library,_isxdigit,CRT,,100.00,63,LIB_FREE,
0x004568d7,library,,_isspace,exact,library,_isspace,CRT,,100.00,58,LIB_FREE,
0x00456911,library,,_ispunct,,,,,,,,LIB_FREE,
0x0045694b,library,,_isalnum,,,,,,,,LIB_FREE,
0x0045698a,library,,_isprint,,,,,,,,LIB_FREE,
0x004569c9,library,,_isgraph,,,,,,,,LIB_FREE,
0x00456a08,library,,_iscntrl,,,,,,,,LIB_FREE,
0x00456a42,library,,___isascii,,,,,,,,LIB_FREE,
0x00456a4f,library,,___toascii,,,,,,,,LIB_FREE,
0x00456a57,library,,___iscsymf,,,,,,,,LIB_FREE,
0x00456a71,library,,___iscsym,,,,,,,,LIB_FREE,
0x00456a8b,game,,nullsub_1,excluded,library,,CRT,,0.00,1,LIB_FREE,
0x00456a8c,library,,__cfltcvt_init_0,exact,library,__cfltcvt_init,CRT,,100.00,56,LIB_FREE,
0x00456ac4,game,,sub_456AC4,,,,,,,,UNSOURCED,
0x00456ad4,library,,__fpmath,exact,library,__fpmath,CRT,,100.00,30,LIB_FREE,
0x00456af2,library,,__errno,exact,library,__errno,CRT,,100.00,9,LIB_FREE,
0x00456afb,library,,___doserrno,exact,library,___doserrno,CRT,,100.00,9,LIB_FREE,
0x00456b04,library,,__dosmaperr,exact,library,__dosmaperr,CRT,,100.00,115,LIB_FREE,
0x00456b80,library,,__aulldiv,exact,library,__aulldiv,CRT,,100.00,104,LIB_FREE,
0x00456be8,library,,__tzset_lk,exact,library,__tzset_lk,CRT,,100.00,680,LIB_FREE,
0x00456e03,,,,excluded,library,,CRT,,0.00,9,LIB_FREE,
0x00456e90,library,,_cvtdate,exact,library,_cvtdate,CRT,,100.00,440,LIB_FREE,
0x00457048,library,,__isindst_lk,exact,library,__isindst_lk,CRT,,100.00,391,LIB_FREE,
0x004571cf,library,,___tzset,exact,library,___tzset,CRT,,100.00,67,LIB_FREE,crt=76 theirs=67
0x00457212,,,,excluded,library,,CRT,,0.00,9,LIB_FREE,
0x0045721b,library,,__tzset,,,,,,,,LIB_FREE,
0x00457250,library,,__isindst,exact,library,__isindst,CRT,,100.00,53,LIB_FREE,crt=62 theirs=53
0x00457285,,,,excluded,library,,CRT,,0.00,9,LIB_FREE,
0x0045728e,library,,_gmtime,exact,library,_gmtime,CRT,,100.00,263,LIB_FREE,
0x00457395,game,,sub_457395,exact,library,_realloc,CRT,,100.00,434,LIB_FREE,
0x004574fd,,,,excluded,library,,CRT,,0.00,9,LIB_FREE,
0x00457547,library,,___crtExitProcess,exact,library,___crtExitProcess,CRT,,100.00,47,LIB_FREE,
0x00457577,library,,__lockexit,excluded,library,,CRT,,0.00,9,LIB_FREE,
0x00457580,library,,__unlockexit,excluded,library,,CRT,,0.00,9,LIB_FREE,
0x00457589,library,,__initterm,exact,library,__initterm,CRT,,100.00,24,LIB_FREE,
0x004575a1,library,,__initterm_e,,,,,,,,LIB_FREE,
0x004575bf,library,,__cinit,exact,library,__cinit,CRT,,100.00,106,LIB_FREE,
0x00457629,library,,_doexit,exact,library,_doexit,CRT,,100.00,195,LIB_FREE,
0x004576d8,,,,excluded,library,,CRT,,0.00,14,LIB_FREE,
0x004576ec,library,,_exit,exact,library,_exit,CRT,,100.00,17,LIB_FREE,
0x004576fd,library,,__exit,exact,library,__exit,CRT,,100.00,17,LIB_FREE,
0x0045770e,library,,__cexit,exact,library,__cexit,CRT,,100.00,15,LIB_FREE,
0x0045771d,library,,__c_exit,,,,,,,,LIB_FREE,
0x0045772c,library,,__msize,exact,library,__msize,CRT,,100.00,106,LIB_FREE,crt=118 theirs=106
0x00457799,,,,excluded,library,,CRT,,0.00,9,LIB_FREE,
0x004577a2,library,,_xcptlookup,,,,,,,,LIB_FREE,
0x004577ce,library,,__XcptFilter,exact,library,__XcptFilter,CRT,,100.00,356,LIB_FREE,
0x00457932,library,,___CppXcptFilter,,,,,,,,LIB_FREE,
0x0045794d,game,,sub_45794D,exact,library,_calloc,CRT,,100.00,215,LIB_FREE,
0x00457a13,,,,excluded,library,,CRT,,0.00,9,LIB_FREE,
0x00457a24,library,,__hextodec,,,,,,,,LIB_FREE,
0x00457a3c,library,,__inc,exact,library,__inc,CRT,,100.00,22,LIB_FREE,
0x00457a52,library,,__un_inc,,,,,,,,LIB_FREE,
0x00457a5f,library,,__whiteout,,,,,,,,LIB_FREE,
0x00457a7c,game,,sub_457A7C,exact,library,__input,CRT,,100.00,3627,LIB_FREE,
0x004588a7,game,,sub_4588A7,exact,library,___libm_error_support,CRT,,100.00,631,LIB_FREE,
0x00458b1e,library,,_has_osfxsr_set,exact,library,_has_osfxsr_set,CRT,,100.00,53,LIB_FREE,
0x00458b53,,,,exact,library,___sse2_available_init,CRT,,100.00,210,LIB_FREE,
0x00458c25,library,,__set_SSE2_enable,,,,,,,,LIB_FREE,
0x00458c39,library,,__floor_default,exact,library,__floor_default,CRT,,100.00,211,LIB_FREE,
0x00458d0c,library,,__mbctoupper,exact,library,__mbctoupper,CRT,,100.00,133,LIB_FREE,
0x00458d91,library,,__resetstkoflw,exact,library,__resetstkoflw,CRT,,100.00,227,LIB_FREE,
0x00458e74,library,,_report_failure,exact,library,_report_failure,CRT,,100.00,48,LIB_FREE,
0x00458ea5,library,,@__security_check_cookie@4,exact,library,@__security_check_cookie@4,CRT,,100.00,14,LIB_FREE,
0x00458ec0,library,,__alloca_probe,exact,library,__chkstk,CRT,,100.00,61,LIB_FREE,
0x00458efd,game,,sub_458EFD,exact,library,__NMSG_WRITE,CRT,,100.00,376,LIB_FREE,
0x00459075,library,,__GET_RTERRMSG,,,,,,,,LIB_FREE,
0x0045909f,library,,__FF_MSGBANNER,exact,library,__FF_MSGBANNER,CRT,,100.00,57,LIB_FREE,
0x004590d8,library,,__wincmdln,exact,library,__wincmdln,CRT,,100.00,93,LIB_FREE,
0x00459135,library,,__setenvp,exact,library,__setenvp,CRT,,100.00,199,LIB_FREE,
0x004591fc,library,,_parse_cmdline,exact,library,_parse_cmdline,CRT,,100.00,364,LIB_FREE,
0x00459368,library,,__setargv,exact,library,__setargv,CRT,,100.00,162,LIB_FREE,
0x0045940a,library,,___crtGetEnvironmentStringsA,exact,library,___crtGetEnvironmentStringsA,CRT,,100.00,290,LIB_FREE,
0x0045952c,library,,__ioinit,exact,library,__ioinit,CRT,,100.00,510,LIB_FREE,
0x0045972a,library,,__ioterm,,,,,,,,LIB_FREE,
0x00459776,game,,sub_459776,exact,library,__RTC_Initialize,CRT,,100.00,68,LIB_FREE,
0x004597ba,game,,sub_4597BA,,,,,,,,UNSOURCED,
0x004597fe,library,,___crtInitCritSecNoSpinCount@8,exact,library,___crtInitCritSecNoSpinCount@8,CRT,,100.00,16,LIB_FREE,
0x0045980e,library,,___crtInitCritSecAndSpinCount,exact,library,___crtInitCritSecAndSpinCount,CRT,,100.00,139,LIB_FREE,
0x0045989c,library,,__global_unwind2,exact,library,__global_unwind2,CRT,,100.00,32,LIB_FREE,
0x004598bc,library,,__unwind_handler,,,,,,,,LIB_FREE,
0x004598de,library,,__local_unwind2,exact,library,__local_unwind2,CRT,,100.00,104,LIB_FREE,
0x00459946,library,,__abnormal_termination,exact,library,__abnormal_termination,CRT,,100.00,35,LIB_FREE,
0x00459969,library,,__NLG_Notify1,exact,library,__NLG_Notify1,CRT,,100.00,9,LIB_FREE,
0x00459972,library,,__NLG_Notify,exact,library,__NLG_Notify,CRT,,100.00,24,LIB_FREE,
0x0045998a,library,,__ValidateEH3RN,exact,library,__ValidateEH3RN,CRT,,100.00,553,LIB_FREE,
0x00459bb3,library,,__lseek_lk,exact,library,__lseek_lk,CRT,,100.00,116,LIB_FREE,
0x00459c27,library,,__lseek,exact,library,__locking,CRT,,100.00,171,LIB_FREE,
0x00459cae,,,,excluded,library,,CRT,,0.00,8,LIB_FREE,
0x00459cd2,game,,sub_459CD2,exact,library,__write_lk,CRT,,100.00,444,LIB_FREE,
0x00459e8e,game,,sub_459E8E,exact,library,__locking,CRT,,100.00,171,LIB_FREE,
0x00459f15,,,,excluded,library,,CRT,,0.00,8,LIB_FREE,
0x00459f39,library,,__getbuf,exact,library,__getbuf,CRT,,100.00,68,LIB_FREE,
0x00459f7d,library,,__isatty,exact,library,__isatty,CRT,,100.00,42,LIB_FREE,
0x00459fa7,game,,sub_459FA7,,,,,,,,UNSOURCED,
0x00459fad,library,,___initstdio,,,,,,,,LIB_FREE,
0x0045a056,library,,___endstdio,,,,,,,,LIB_FREE,
0x0045a06a,library,,__lock_file,,,,,,,,LIB_FREE,
0x0045a099,library,,__lock_file2,,,,,,,,LIB_FREE,
0x0045a0bc,library,,__unlock_file,,,,,,,,LIB_FREE,
0x0045a0eb,library,,__unlock_file2,,,,,,,,LIB_FREE,
0x0045a10e,library,,___wctomb_mt,exact,library,___wctomb_mt,CRT,,100.00,96,LIB_FREE,
0x0045a16e,library,,_wctomb,exact,library,_wctomb,CRT,,100.00,39,LIB_FREE,
0x0045a195,game,,sub_45A195,,,,,,,,UNSOURCED,
0x0045a19b,game,,sub_45A19B,,,,,,,,UNSOURCED,
0x0045a1b0,library,,__aulldvrm,exact,library,__aulldvrm,CRT,,100.00,149,LIB_FREE,
0x0045a245,library,,_abort,exact,library,_abort,CRT,,100.00,24,LIB_FREE,crt=23 theirs=24
0x0045a25d,library,,___crtGetStringTypeA,exact,library,___crtGetStringTypeA,CRT,,100.00,442,LIB_FREE,
0x0045a417,library,,__Getdays,exact,library,__Getdays,CRT,,100.00,127,LIB_FREE,
0x0045a496,library,,__Getmonths,exact,library,__Getmonths,CRT,,100.00,149,LIB_FREE,
0x0045a52b,library,,__Gettnames,exact,library,__Gettnames,CRT,,100.00,563,LIB_FREE,
0x0045a75e,library,,__store_str,exact,library,__store_str,CRT,,100.00,32,LIB_FREE,
0x0045a77e,library,,__store_number,,,,,,,,LIB_FREE,
0x0045a7b4,library,,__store_num,exact,library,__store_num,CRT,,100.00,121,LIB_FREE,
0x0045a82d,library,,__expandtime,exact,library,__expandtime,CRT,,100.00,614,LIB_FREE,
0x0045aa93,library,,__store_winword,exact,library,__store_winword,CRT,,100.00,1162,LIB_FREE,
0x0045af1d,game,,sub_45AF1D,exact,library,__Strftime_mt,CRT,,100.00,195,LIB_FREE,
0x0045afe0,library,,__Strftime,exact,library,__Strftime,CRT,,100.00,50,LIB_FREE,
0x0045b012,library,,_strftime,,,,,,,,LIB_FREE,
0x0045b02d,game,,sub_45B02D,,,,,,,,UNSOURCED,
0x0045b033,library,,__get_lc_time,exact,library,__get_lc_time,CRT,,100.00,871,LIB_FREE,
0x0045b39a,library,,__free_lc_time,exact,library,___free_lc_time,CRT,,100.00,400,LIB_FREE,
0x0045b52a,library,,___init_time,,,,,,,,LIB_FREE,
0x0045b589,library,,_fix_grouping,,,,,,,,LIB_FREE,
0x0045b5bc,library,,___free_lconv_num,exact,library,___free_lconv_num,CRT,,100.00,95,LIB_FREE,
0x0045b61b,library,,___init_numeric,exact,library,___init_numeric,CRT,,100.00,461,LIB_FREE,
0x0045b7e8,library,,_fix_grouping_0,,,,,,,,LIB_FREE,
0x0045b81b,library,,___free_lconv_mon,exact,library,___free_lconv_mon,CRT,,100.00,217,LIB_FREE,
0x0045b8f4,library,,___init_monetary,exact,library,___init_monetary,CRT,,100.00,575,LIB_FREE,
0x0045bb33,game,,sub_45BB33,exact,library,___init_ctype,CRT,,100.00,494,LIB_FREE,
0x0045bd21,game,,sub_45BD21,,,,,,,,UNSOURCED,
0x0045bd27,library,,____lc_codepage_func,,,,,,,,LIB_FREE,
0x0045bd40,library,,____lc_collate_cp_func,,,,,,,,LIB_FREE,
0x0045bd59,library,,____lc_handle_func,,,,,,,,LIB_FREE,
0x0045bd72,game,,sub_45BD72,,,,,,,,UNSOURCED,
0x0045bd80,library,,_strcpy,exact,library,_strcpy,CRT,,100.00,7,LIB_FREE,
0x0045bd90,library,,_strcat,exact,library,_strcat,CRT,,100.00,232,LIB_FREE,
0x0045be80,library,,_strcspn,exact,library,_strcspn,CRT,,100.00,70,LIB_FREE,
0x0045bed0,library,,_memset,exact,library,_memset,CRT,,100.00,96,LIB_FREE,
0x0045bf30,library,,_strcmp,exact,library,_strcmp,CRT,,100.00,136,LIB_FREE,
0x0045bfc0,library,,_memcpy_0,exact,library,_memcpy,CRT,,100.00,829,LIB_FREE,
0x0045c2fd,library,,_TranslateName,exact,library,_TranslateName,CRT,,100.00,96,LIB_FREE,
0x0045c35d,library,,_GetLcidFromDefault,,,,,,,,LIB_FREE,
0x0045c377,game,,sub_45C377,exact,library,_ProcessCodePage,CRT,,100.00,122,LIB_FREE,
0x0045c3f1,library,,_TestDefaultCountry,exact,library,_TestDefaultCountry,CRT,,100.00,30,LIB_FREE,
0x0045c40f,library,,_crtGetLocaleInfoA@16,exact,library,_crtGetLocaleInfoA@16,CRT,,100.00,227,LIB_FREE,
0x0045c4f2,library,,_LcidFromHexString,exact,library,_LcidFromHexString,CRT,,100.00,53,LIB_FREE,
0x0045c527,library,,_GetPrimaryLen,exact,library,_GetPrimaryLen,CRT,,100.00,29,LIB_FREE,
0x0045c544,game,,LocaleEnumProc,exact,library,_CountryEnumProc@4,CRT,,100.00,152,LIB_FREE,
0x0045c5dc,game,,sub_45C5DC,exact,library,_TestDefaultLanguage,CRT,,100.00,117,LIB_FREE,
0x0045c651,game,,sub_45C651,exact,library,_LangCountryEnumProc@4,CRT,,100.00,542,LIB_FREE,
0x0045c86f,game,,sub_45C86F,exact,library,_LanguageEnumProc@4,CRT,,100.00,207,LIB_FREE,
0x0045c93e,library,,_GetLcidFromCountry,,,,,,,,LIB_FREE,
0x0045c975,library,,_GetLcidFromLangCountry,,,,,,,,LIB_FREE,
0x0045c9fb,library,,_GetLcidFromLanguage,,,,,,,,LIB_FREE,
0x0045ca50,library,,___get_qualified_locale,,,,,,,,LIB_FREE,
0x0045cc10,library,,_memcmp,,,,,,,,LIB_FREE,
0x0045ccd0,library,,_strpbrk,exact,library,_strpbrk,CRT,,100.00,64,LIB_FREE,
0x0045cd10,library,,_getSystemCP,,,,,,,,LIB_FREE,
0x0045cd56,library,,_CPtoLCID,exact,library,_CPtoLCID,CRT,,100.00,47,LIB_FREE,
0x0045cd85,library,,_setSBCS,exact,library,_setSBCS,CRT,,100.00,41,LIB_FREE,
0x0045cdae,game,,sub_45CDAE,exact,library,_setSBUpLow,CRT,,100.00,411,LIB_FREE,
0x0045cf49,library,,___updatetmbcinfo,exact,library,___updatetmbcinfo,CRT,,100.00,99,LIB_FREE,crt=111 theirs=99
0x0045cfaf,,,,excluded,library,,CRT,,0.00,9,LIB_FREE,
0x0045cfb8,game,,sub_45CFB8,exact,library,__setmbcp_lk,CRT,,100.00,404,LIB_FREE,
0x0045d14c,library,,__getmbcp,,,,,,,,LIB_FREE,
0x0045d15c,library,,__setmbcp,exact,library,__setmbcp,CRT,,100.00,327,LIB_FREE,crt=336 theirs=327
0x0045d2a3,,,,excluded,library,,CRT,,0.00,9,LIB_FREE,
0x0045d2ac,library,,___initmbctable,exact,library,___initmbctable,CRT,,100.00,30,LIB_FREE,
0x0045d2ca,library,,__ZeroTail,exact,library,__ZeroTail,CRT,,100.00,50,LIB_FREE,
0x0045d2fc,library,,__IncMan,exact,library,__IncMan,CRT,,100.00,77,LIB_FREE,
0x0045d349,library,,__RoundMan,exact,library,__RoundMan,CRT,,100.00,114,LIB_FREE,
0x0045d3bb,library,,__CopyMan,exact,library,__CopyMan,CRT,,100.00,27,LIB_FREE,
0x0045d3d6,library,,__FillZeroMan,exact,library,__FillZeroMan,CRT,,100.00,12,LIB_FREE,
0x0045d3e2,library,,__IsZeroMan,exact,library,__IsZeroMan,CRT,,100.00,25,LIB_FREE,
0x0045d3fb,library,,__ShrMan,exact,library,__ShrMan,CRT,,100.00,123,LIB_FREE,
0x0045d476,library,,__ld12cvt,exact,library,__ld12cvt,CRT,,100.00,344,LIB_FREE,
0x0045d5ce,game,,sub_45D5CE,exact,library,__ld12tod,CRT,,100.00,22,LIB_FREE,
0x0045d5e4,game,,sub_45D5E4,exact,library,__ld12tod,CRT,,100.00,22,LIB_FREE,
0x0045d5fa,library,,__ld12told,exact,library,__ld12told,CRT,,100.00,124,LIB_FREE,
0x0045d676,game,,sub_45D676,exact,library,__atodbl,CRT,,100.00,69,LIB_FREE,
0x0045d6bb,,,,exact,library,__atoldbl,CRT,,100.00,70,LIB_FREE,
0x0045d701,game,,sub_45D701,exact,library,__atodbl,CRT,,100.00,69,LIB_FREE,
0x0045d746,game,,sub_45D746,exact,library,___strgtold12,CRT,,100.00,1039,LIB_FREE,
0x0045db86,,,,exact,library,___STRINGTOLD,CRT,,100.00,85,LIB_FREE,
0x0045dbdb,library,,__forcdecpt,exact,library,__forcdecpt,CRT,,100.00,60,LIB_FREE,
0x0045dc17,library,,__cropzeros,,,,,,,,LIB_FREE,
0x0045dc62,library,,__positive,,,,,,,,LIB_FREE,
0x0045dc7c,library,,__fassign,exact,library,__fassign,CRT,,100.00,62,LIB_FREE,
0x0045dcba,library,,__shift,exact,library,__shift,CRT,,100.00,29,LIB_FREE,
0x0045dcd7,library,,__cftoe2,exact,library,__cftoe2,CRT,,100.00,174,LIB_FREE,
0x0045dd85,game,,sub_45DD85,exact,library,__cftoe,CRT,,100.00,112,LIB_FREE,
0x0045ddf5,library,,__cftof2,exact,library,__cftof2,CRT,,100.00,156,LIB_FREE,
0x0045de91,game,,sub_45DE91,exact,library,__cftof,CRT,,100.00,103,LIB_FREE,
0x0045def8,game,,sub_45DEF8,exact,library,__cftog,CRT,,100.00,159,LIB_FREE,
0x0045df97,library,,__cfltcvt,exact,library,__cfltcvt,CRT,,100.00,81,LIB_FREE,
0x0045dfe8,library,,__setdefaultprecision,exact,library,__setdefaultprecision,CRT,,100.00,18,LIB_FREE,
0x0045dffa,library,,__ms_p5_test_fdiv,exact,library,__ms_p5_test_fdiv,CRT,,100.00,64,LIB_FREE,
0x0045e03a,library,,__ms_p5_mp_test_fdiv,exact,library,__ms_p5_mp_test_fdiv,CRT,,100.00,41,LIB_FREE,
0x0045e063,library,,_getenv,exact,library,__getenv_lk,CRT,,100.00,129,LIB_FREE,
0x0045e0e4,game,,sub_45E0E4,,,,,,,,UNSOURCED,
0x0045e123,library,,__filbuf,exact,library,__filbuf,CRT,,100.00,225,LIB_FREE,
0x0045e204,library,,_ungetc,exact,library,__ungetc_lk,CRT,,100.00,108,LIB_FREE,
0x0045e270,library,,_ungetc_0,,,,,,,,LIB_FREE,
0x0045e2b5,library,,___mbtowc_mt,exact,library,___mbtowc_mt,CRT,,100.00,192,LIB_FREE,
0x0045e375,library,,_mbtowc,exact,library,_mbstowcs,CRT,,100.00,43,LIB_FREE,
0x0045e3a0,game,,sub_45E3A0,excluded,library,,CRT,,0.00,3,LIB_FREE,
0x0045e3a3,library,,__raise_exc,exact,library,__raise_exc,CRT,,100.00,677,LIB_FREE,
0x0045e648,library,,__handle_exc,exact,library,__handle_exc,CRT,,100.00,548,LIB_FREE,
0x0045e86c,library,,__set_errno,exact,library,__set_errno,CRT,,100.00,40,LIB_FREE,
0x0045e894,library,,__get_fname,,,,,,,,LIB_FREE,
0x0045e8b4,library,,__errcode,exact,library,__errcode,CRT,,100.00,45,LIB_FREE,
0x0045e8e1,library,,__umatherr,exact,library,__umatherr,CRT,,100.00,158,LIB_FREE,
0x0045e97f,library,,__handle_qnan1,exact,library,__handle_qnan1,CRT,,100.00,83,LIB_FREE,
0x0045e9d2,library,,__handle_qnan2,exact,library,__handle_qnan2,CRT,,100.00,95,LIB_FREE,
0x0045ea31,game,,sub_45EA31,exact,library,__except1,CRT,,100.00,188,LIB_FREE,
0x0045eaed,,,,exact,library,__except2,CRT,,100.00,205,LIB_FREE,
0x0045ebba,library,,__frnd,exact,library,__frnd,CRT,,100.00,17,LIB_FREE,
0x0045ebcb,library,,__set_exp,exact,library,__set_exp,CRT,,100.00,42,LIB_FREE,
0x0045ebf5,library,,__get_exp,,,,,,,,LIB_FREE,
0x0045ec0a,library,,__add_exp,,,,,,,,LIB_FREE,
0x0045ec34,library,,__set_bexp,exact,library,__set_bexp,CRT,,100.00,37,LIB_FREE,
0x0045ec59,library,,__sptype,exact,library,__sptype,CRT,,100.00,91,LIB_FREE,
0x0045ecb4,library,,__decomp,exact,library,__decomp,CRT,,100.00,188,LIB_FREE,
0x0045ed70,library,,__statfp,exact,library,__statfp,CRT,,100.00,11,LIB_FREE,
0x0045ed7b,library,,__clrfp,exact,library,__clrfp,CRT,,100.00,12,LIB_FREE,
0x0045ed87,library,,__ctrlfp,exact,library,__ctrlfp,CRT,,100.00,36,LIB_FREE,
0x0045edab,library,,__set_statfp,exact,library,__set_statfp,CRT,,100.00,86,LIB_FREE,
0x0045ee01,library,,_strncnt,,,,,,,,LIB_FREE,
0x0045ee1d,game,,sub_45EE1D,exact,library,___crtLCMapStringA,CRT,,100.00,982,LIB_FREE,
0x0045f1f3,library,,___security_init_cookie,exact,library,___security_init_cookie,CRT,,100.00,102,LIB_FREE,
0x0045f259,game,,sub_45F259,exact,library,___security_error_handler,CRT,,100.00,331,LIB_FREE,
0x0045f3a4,game,,sub_45F3A4,,,,,,,,UNSOURCED,
0x0045f3b4,library,,___buffer_overrun,,,,,,,,LIB_FREE,
0x0045f3c0,game,,sub_45F3C0,,,,,,,,UNSOURCED,
0x0045f3d0,library,,___crtMessageBoxA,exact,library,___crtMessageBoxA,CRT,,100.00,249,LIB_FREE,
0x0045f4c9,library,,_x_ismbbtype,exact,library,_x_ismbbtype,CRT,,100.00,51,LIB_FREE,
0x0045f4fc,library,,__ismbbkalnum,,,,,,,,LIB_FREE,
0x0045f50d,library,,__ismbbkprint,,,,,,,,LIB_FREE,
0x0045f51e,library,,__ismbbkpunct,,,,,,,,LIB_FREE,
0x0045f52f,library,,__ismbbalnum,,,,,,,,LIB_FREE,
0x0045f543,library,,__ismbbalpha,,,,,,,,LIB_FREE,
0x0045f557,library,,__ismbbgraph,,,,,,,,LIB_FREE,
0x0045f56b,library,,__ismbbprint,,,,,,,,LIB_FREE,
0x0045f57f,library,,__ismbbpunct,,,,,,,,LIB_FREE,
0x0045f590,library,,__ismbblead,exact,library,__ismbblead,CRT,,100.00,17,LIB_FREE,
0x0045f5a1,library,,__ismbbtrail,,,,,,,,LIB_FREE,
0x0045f5b2,library,,__ismbbkana,,,,,,,,LIB_FREE,
0x0045f5d9,library,,__set_osfhnd,,,,,,,,LIB_FREE,
0x0045f655,library,,__free_osfhnd,exact,library,__free_osfhnd,CRT,,100.00,127,LIB_FREE,
0x0045f6d4,library,,__get_osfhandle,exact,library,__get_osfhandle,CRT,,100.00,65,LIB_FREE,
0x0045f715,library,,__lock_fhandle,exact,library,__lock_fhandle,CRT,,100.00,148,LIB_FREE,crt=160 theirs=148
0x0045f7ac,,,,excluded,library,,CRT,,0.00,9,LIB_FREE,
0x0045f7b5,library,,__unlock_fhandle,exact,library,__unlock_fhandle,CRT,,100.00,34,LIB_FREE,
0x0045f7d7,library,,__alloc_osfhnd,,,,,,,,LIB_FREE,
0x0045f953,library,,__open_osfhandle,,,,,,,,LIB_FREE,
0x0045fa1a,library,,__lseeki64_lk,exact,library,__lseeki64_lk,CRT,,100.00,131,LIB_FREE,
0x0045fa9d,library,,__lseeki64,,,,,,,,LIB_FREE,
0x0045fb5b,library,,__fcloseall,,,,,,,,LIB_FREE,
0x0045fbf6,library,,__flush,exact,library,__flush,CRT,,100.00,93,LIB_FREE,
0x0045fc53,library,,__fflush_lk,,,,,,,,LIB_FREE,
0x0045fc81,library,,_flsall,,,,,,,,LIB_FREE,
0x0045fd56,library,,_fflush,,,,,,,,LIB_FREE,
0x0045fda6,library,,__flushall,,,,,,,,LIB_FREE,
0x0045fdaf,library,,__fptrap,exact,library,__fptrap,CRT,,100.00,9,LIB_FREE,crt=7 theirs=9
0x0045fdb8,library,,_ctrlevent_capture@4,,,,,,,,LIB_FREE,
0x0045fe47,library,,_siglookup,exact,library,_siglookup,CRT,,100.00,46,LIB_FREE,
0x0045fe75,library,,___fpecode,,,,,,,,LIB_FREE,
0x0045fe7e,library,,___pxcptinfoptrs,,,,,,,,LIB_FREE,
0x0045fe87,library,,_signal,,,,,,,,LIB_FREE,
0x00460028,library,,_raise,exact,library,_raise,CRT,,100.00,377,LIB_FREE,
0x00460163,,,,excluded,library,,CRT,,0.00,13,LIB_FREE,
0x004601a1,game,,sub_4601A1,exact,library,___ansicp,CRT,,100.00,71,LIB_FREE,
0x004601e8,game,,sub_4601E8,exact,library,___convertcp,CRT,,100.00,474,LIB_FREE,
0x004603d0,library,,___ascii_stricmp,exact,library,___ascii_stricmp,CRT,,100.00,78,LIB_FREE,
0x0046041e,game,,sub_46041E,exact,library,___getlocaleinfo,CRT,,100.00,304,LIB_FREE,
0x0046054e,library,,__stricmp,exact,library,__stricmp,CRT,,100.00,105,LIB_FREE,
0x004605b7,library,,__strnicmp,exact,library,__strnicmp,CRT,,100.00,127,LIB_FREE,
0x00460636,library,,_xtoa,exact,library,_xtoa,CRT,,100.00,62,LIB_FREE,
0x00460674,library,,__itoa,exact,library,__itoa,CRT,,100.00,42,LIB_FREE,
0x0046069e,library,,__ltoa,exact,library,__ltoa,CRT,,100.00,39,LIB_FREE,
0x004606c5,library,,__ultoa,,,,,,,,LIB_FREE,
0x004606df,library,,_x64toa@20,exact,library,_x64toa@20,CRT,,100.00,109,LIB_FREE,
0x0046074c,library,,__i64toa,exact,library,__i64toa,CRT,,100.00,49,LIB_FREE,
0x0046077d,library,,__ui64toa,exact,library,__ui64toa,CRT,,100.00,27,LIB_FREE,
0x00460798,library,,___addl,exact,library,___addl,CRT,,100.00,33,LIB_FREE,
0x004607b9,library,,___add_12,exact,library,___add_12,CRT,,100.00,94,LIB_FREE,
0x00460817,library,,___shl_12,exact,library,___shl_12,CRT,,100.00,46,LIB_FREE,
0x00460845,library,,___shr_12,exact,library,___shr_12,CRT,,100.00,45,LIB_FREE,
0x00460872,game,,sub_460872,exact,library,___mtold12,CRT,,100.00,232,LIB_FREE,
0x0046095a,game,,sub_46095A,exact,library,___ld12mul,CRT,,100.00,566,LIB_FREE,
0x00460b90,game,,sub_460B90,exact,library,___multtenpow12,CRT,,100.00,142,LIB_FREE,
0x00460c1e,library,,__tolower,,,,,,,,LIB_FREE,
0x00460c26,library,,___tolower_mt,exact,library,___tolower_mt,CRT,,100.00,200,LIB_FREE,
0x00460cee,library,,_tolower,exact,library,_tolower,CRT,,100.00,34,LIB_FREE,
0x00460d10,library,,__fptostr,exact,library,__fptostr,CRT,,100.00,119,LIB_FREE,
0x00460d87,library,,___dtold,exact,library,___dtold,CRT,,100.00,186,LIB_FREE,
0x00460e41,library,,__fltout2,exact,library,__fltout2,CRT,,100.00,120,LIB_FREE,
0x00460eb9,library,,__fpreset,,,,,,,,LIB_FREE,
0x00460ee4,library,,__abstract_cw,exact,library,__abstract_cw,CRT,,100.00,146,LIB_FREE,
0x00460f76,library,,__hw_cw,exact,library,__hw_cw,CRT,,100.00,142,LIB_FREE,
0x00461004,library,,__abstract_sw,,,,,,,,LIB_FREE,
0x0046103d,library,,__statusfp,,,,,,,,LIB_FREE,
0x0046104d,library,,__clearfp,,,,,,,,LIB_FREE,
0x0046105e,library,,__control87,exact,library,__control87,CRT,,100.00,50,LIB_FREE,
0x00461090,library,,__controlfp,exact,library,__controlfp,CRT,,100.00,22,LIB_FREE,
0x004610a6,library,,__mbsnbicoll,exact,library,__mbsnbicoll,CRT,,100.00,78,LIB_FREE,
0x004610f4,library,,___wtomb_environ,exact,library,___wtomb_environ,CRT,,100.00,144,LIB_FREE,
0x00461184,game,,sub_461184,exact,library,__read_lk,CRT,,100.00,477,LIB_FREE,
0x00461361,game,,sub_461361,exact,library,__locking,CRT,,100.00,171,LIB_FREE,
0x004613e8,,,,excluded,library,,CRT,,0.00,8,LIB_FREE,
0x0046140c,library,,__fclose_lk,exact,library,__fclose_lk,CRT,,100.00,76,LIB_FREE,
0x00461458,library,,_fclose,,,,,,,,LIB_FREE,
0x004614a9,library,,__commit,,,,,,,,LIB_FREE,
0x00461565,library,,___crtGetLocaleInfoW,exact,library,___crtGetLocaleInfoW,CRT,,100.00,304,LIB_FREE,
0x00461695,library,,___crtGetLocaleInfoA,exact,library,___crtGetLocaleInfoA,CRT,,100.00,320,LIB_FREE,
0x004617e0,library,,___ascii_strnicmp,exact,library,___ascii_strnicmp,CRT,,100.00,97,LIB_FREE,
0x00461841,game,,sub_461841,exact,library,_$I10_OUTPUT,CRT,,100.00,668,LIB_FREE,
0x00461add,library,,_strncnt_0,exact,library,_strncnt,CRT,,100.00,28,LIB_FREE,
0x00461af9,game,,sub_461AF9,exact,library,___crtCompareStringA,CRT,,100.00,906,LIB_FREE,
0x00461e83,library,,_findenv,exact,library,_findenv,CRT,,100.00,77,LIB_FREE,
0x00461ed0,library,,_copy_environ,exact,library,_copy_environ,CRT,,100.00,97,LIB_FREE,
0x00461f31,game,,sub_461F31,exact,library,___crtsetenv,CRT,,100.00,470,LIB_FREE,
0x00462107,library,,__close_lk,exact,library,__close_lk,CRT,,100.00,131,LIB_FREE,
0x0046218a,library,,__close,exact,library,__close,CRT,,100.00,155,LIB_FREE,
0x00462201,,,,excluded,library,,CRT,,0.00,8,LIB_FREE,
0x00462225,library,,__freebuf,exact,library,__freebuf,CRT,,100.00,43,LIB_FREE,
0x00462250,library,,__strdup,exact,library,__strdup,CRT,,100.00,43,LIB_FREE,
0x0046227b,library,,__mbschr,exact,library,__mbschr,CRT,,100.00,123,LIB_FREE,
0x004622f6,library,,??$_Allocate@D@std@@YAPADIPAD@Z,,,,,,,,LIB_FREE,
0x00462301,library,,??0?$basic_string@DU?$char_traits@D@std@@V?$allocator@D@2@@std@@QAE@ABV01@@Z,exact,library,??0?$basic_string@DU?$char_traits@D@std@@V?$allocator@D@2@@std@@QAE@ABV01@@Z,CxxRuntime,,100.00,38,LIB_FREE,
0x00462327,library,,??0logic_error@std@@QAE@ABV?$basic_string@DU?$char_traits@D@std@@V?$allocator@D@2@@1@@Z,exact,library,??0logic_error@std@@QAE@ABV?$basic_string@DU?$char_traits@D@std@@V?$allocator@D@2@@1@@Z,CxxRuntime,,100.00,60,LIB_FREE,
0x00462363,library,,unknown_libname_82,,,,,,,,LIB_FREE,
0x00462371,library,,??1logic_error@std@@UAE@XZ,exact,library,??1logic_error@std@@UAE@XZ,CxxRuntime,,100.00,29,LIB_FREE,
0x0046238e,library,,??_Glogic_error@std@@UAEPAXI@Z,exact,library,??_Glogic_error@std@@UAEPAXI@Z,CxxRuntime,,100.00,28,LIB_FREE,
0x004623aa,library,,??0invalid_argument@std@@QAE@ABV?$basic_string@DU?$char_traits@D@std@@V?$allocator@D@2@@1@@Z,,,,,,,,LIB_FREE,
0x004623c2,library,,??_Glength_error@std@@UAEPAXI@Z,exact,library,??_Glength_error@std@@UAEPAXI@Z,CxxRuntime,,100.00,28,LIB_FREE,
0x004623de,library,,??1length_error@std@@UAE@XZ,exact,library,??1length_error@std@@UAE@XZ,CxxRuntime,,100.00,11,LIB_FREE,
0x004623e9,library,,??0invalid_argument@std@@QAE@ABV?$basic_string@DU?$char_traits@D@std@@V?$allocator@D@2@@1@@Z_0,,,,,,,,LIB_FREE,
0x00462401,library,,??_Gout_of_range@std@@UAEPAXI@Z,exact,library,??_Gout_of_range@std@@UAEPAXI@Z,CxxRuntime,,100.00,28,LIB_FREE,
0x0046241d,library,,??1out_of_range@std@@UAE@XZ,exact,library,??1out_of_range@std@@UAE@XZ,CxxRuntime,,100.00,11,LIB_FREE,
0x00462428,library,,?_Xran@_String_base@std@@QBEXXZ,exact,library,?_Xran@_String_base@std@@QBEXXZ,CxxRuntime,,100.00,63,LIB_FREE,crt=64 theirs=63
0x00462468,library,,??0logic_error@std@@QAE@ABV01@@Z,,,,,,,,LIB_FREE,
0x004624ab,library,,??0invalid_argument@std@@QAE@ABV01@@Z,,,,,,,,LIB_FREE,
0x004624c3,library,,??0?$basic_string@DU?$char_traits@D@std@@V?$allocator@D@2@@std@@QAE@PBD@Z,exact,library,??0?$basic_string@DU?$char_traits@D@std@@V?$allocator@D@2@@std@@QAE@PBD@Z,CxxRuntime,,100.00,34,LIB_FREE,
0x004624e5,library,,?_Xlen@_String_base@std@@QBEXXZ,exact,library,?_Xlen@_String_base@std@@QBEXXZ,CxxRuntime,,100.00,63,LIB_FREE,crt=64 theirs=63
0x00462525,library,,??0invalid_argument@std@@QAE@ABV01@@Z_0,,,,,,,,LIB_FREE,
0x0046253e,thunk,,HeapFree,,,,,,,,LIB_FREE,
0x00462544,thunk,,HeapAlloc,,,,,,,,LIB_FREE,
0x0046254a,thunk,,CreateDirectoryA,,,,,,,,LIB_FREE,
0x00462550,thunk,,GetSystemTimeAsFileTime,,,,,,,,LIB_FREE,
0x00462556,thunk,,ExitThread,,,,,,,,LIB_FREE,
0x0046255c,thunk,,SetEnvironmentVariableA,,,,,,,,LIB_FREE,
0x00462562,thunk,,GetCurrentDirectoryA,,,,,,,,LIB_FREE,
0x00462568,thunk,,SetCurrentDirectoryA,,,,,,,,LIB_FREE,
0x0046256e,thunk,,GetCurrentThreadId_0,,,,,,,,LIB_FREE,
0x00462574,thunk,,GetModuleHandleA,,,,,,,,LIB_FREE,
0x0046257a,thunk,,GetCommandLineA,,,,,,,,LIB_FREE,
0x00462580,thunk,,HeapDestroy,,,,,,,,LIB_FREE,
0x00462586,thunk,,HeapCreate,,,,,,,,LIB_FREE,
0x0046258c,thunk,,VirtualFree,,,,,,,,LIB_FREE,
0x00462592,thunk,,FatalAppExitA,,,,,,,,LIB_FREE,
0x00462598,thunk,,VirtualAlloc,,,,,,,,LIB_FREE,
0x0046259e,thunk,,HeapReAlloc,,,,,,,,LIB_FREE,
0x004625a4,thunk,,IsBadWritePtr,,,,,,,,LIB_FREE,
0x004625aa,thunk,,TlsAlloc,,,,,,,,LIB_FREE,
0x004625b0,thunk,,SetLastError,,,,,,,,LIB_FREE,
0x004625b6,thunk,,GetCurrentThread_0,,,,,,,,LIB_FREE,
0x004625bc,thunk,,TlsFree,,,,,,,,LIB_FREE,
0x004625c2,thunk,,TlsSetValue,,,,,,,,LIB_FREE,
0x004625c8,thunk,,TlsGetValue,,,,,,,,LIB_FREE,
0x004625ce,thunk,,GetProcAddress,,,,,,,,LIB_FREE,
0x004625d4,thunk,,WideCharToMultiByte,,,,,,,,LIB_FREE,
0x004625da,thunk,,GetTimeZoneInformation,,,,,,,,LIB_FREE,
0x004625e0,thunk,,ExitProcess,,,,,,,,LIB_FREE,
0x004625e6,thunk,,TerminateProcess,,,,,,,,LIB_FREE,
0x004625ec,thunk,,GetCurrentProcess,,,,,,,,LIB_FREE,
0x004625f2,thunk,,HeapSize,,,,,,,,LIB_FREE,
0x004625f8,thunk,,UnhandledExceptionFilter,,,,,,,,LIB_FREE,
0x004625fe,thunk,,VirtualProtect,,,,,,,,LIB_FREE,
0x00462604,thunk,,GetSystemInfo,,,,,,,,LIB_FREE,
0x0046260a,thunk,,VirtualQuery,,,,,,,,LIB_FREE,
0x00462610,thunk,,GetStdHandle,,,,,,,,LIB_FREE,
0x00462616,thunk,,FreeEnvironmentStringsA,,,,,,,,LIB_FREE,
0x0046261c,thunk,,GetEnvironmentStrings,,,,,,,,LIB_FREE,
0x00462622,thunk,,FreeEnvironmentStringsW,,,,,,,,LIB_FREE,
0x00462628,thunk,,GetEnvironmentStringsW,,,,,,,,LIB_FREE,
0x0046262e,thunk,,SetHandleCount,,,,,,,,LIB_FREE,
0x00462634,thunk,,GetFileType,,,,,,,,LIB_FREE,
0x0046263a,thunk,,RtlUnwind,excluded,import_thunk,,PEImport,,0.00,6,LIB_FREE,
0x00462640,thunk,,InterlockedExchange,,,,,,,,LIB_FREE,
0x00462646,thunk,,GetStringTypeA,,,,,,,,LIB_FREE,
0x0046264c,thunk,,GetStringTypeW,,,,,,,,LIB_FREE,
0x00462652,thunk,,GetTimeFormatA,,,,,,,,LIB_FREE,
0x00462658,thunk,,GetDateFormatA,,,,,,,,LIB_FREE,
0x0046265e,thunk,,GetCPInfo,,,,,,,,LIB_FREE,
0x00462664,thunk,,GetUserDefaultLCID,,,,,,,,LIB_FREE,
0x0046266a,thunk,,GetLocaleInfoA,,,,,,,,LIB_FREE,
0x00462670,thunk,,EnumSystemLocalesA,,,,,,,,LIB_FREE,
0x00462676,thunk,,IsValidLocale,,,,,,,,LIB_FREE,
0x0046267c,thunk,,IsValidCodePage,,,,,,,,LIB_FREE,
0x00462682,thunk,,GetACP,,,,,,,,LIB_FREE,
0x00462688,thunk,,GetOEMCP,,,,,,,,LIB_FREE,
0x0046268e,thunk,,RaiseException,,,,,,,,LIB_FREE,
0x00462694,thunk,,LCMapStringA,,,,,,,,LIB_FREE,
0x0046269a,thunk,,LCMapStringW,,,,,,,,LIB_FREE,
0x004626a0,thunk,,GetTickCount,,,,,,,,LIB_FREE,
0x004626a6,thunk,,GetCurrentProcessId,,,,,,,,LIB_FREE,
0x004626ac,thunk,,LoadLibraryA,,,,,,,,LIB_FREE,
0x004626b2,thunk,,SetStdHandle,,,,,,,,LIB_FREE,
0x004626b8,thunk,,SetConsoleCtrlHandler,,,,,,,,LIB_FREE,
0x004626be,thunk,,FlushFileBuffers,,,,,,,,LIB_FREE,
0x004626c4,thunk,,GetLocaleInfoW,,,,,,,,LIB_FREE,
0x004626ca,thunk,,CompareStringA,,,,,,,,LIB_FREE,
0x004626d0,thunk,,CompareStringW,,,,,,,,LIB_FREE,
0x004626d6,library,,?_JumpToContinuation@@YGXPAXPAUEHRegistrationNode@@@Z,exact,library,?_JumpToContinuation@@YGXPAXPAUEHRegistrationNode@@@Z,CRT,,100.00,43,LIB_FREE,
0x00462706,library,,sub_462706,exact,library,?_CallMemberFunction0@@YGXPAX0@Z,CxxEH,,100.00,7,LIB_FREE,
0x0046270d,library,,sub_46270D,exact,library,?_CallMemberFunction1@@YGXPAX00@Z,CxxEH,,100.00,7,LIB_FREE,
0x00462714,library,,sub_462714,exact,library,?_CallMemberFunction2@@YGXPAX00H@Z,CxxEH,,100.00,7,LIB_FREE,
0x0046271b,library,,?_UnwindNestedFrames@@YGXPAUEHRegistrationNode@@PAUEHExceptionRecord@@@Z,exact,library,?_UnwindNestedFrames@@YGXPAUEHRegistrationNode@@PAUEHExceptionRecord@@@Z,CRT,,100.00,82,LIB_FREE,
0x0046276d,library,,___CxxFrameHandler,exact,library,___CxxFrameHandler,CRT,,100.00,54,LIB_FREE,
0x004627a3,library,,___CxxLongjmpUnwind@4,,,,,,,,LIB_FREE,
0x004627bd,library,,?CatchGuardHandler@@YA?AW4_EXCEPTION_DISPOSITION@@PAUEHExceptionRecord@@PAUCatchGuardRN@@PAX2@Z,,,,,,,,LIB_FREE,
0x004627f8,library,,?_CallSETranslator@@YAHPAUEHExceptionRecord@@PAUEHRegistrationNode@@PAX2PBU_s_FuncInfo@@H1@Z,exact,library,?_CallSETranslator@@YAHPAUEHExceptionRecord@@PAUEHRegistrationNode@@PAX2PBU_s_FuncInfo@@H1@Z,CRT,,100.00,199,LIB_FREE,
0x004628bf,library,,?TranslatorGuardHandler@@YA?AW4_EXCEPTION_DISPOSITION@@PAUEHExceptionRecord@@PAUTranslatorGuardRN@@PAX2@Z,exact,library,?TranslatorGuardHandler@@YA?AW4_EXCEPTION_DISPOSITION@@PAUEHExceptionRecord@@PAUTranslatorGuardRN@@PAX2@Z,CRT,,100.00,178,LIB_FREE,
0x00462971,library,,?_GetRangeOfTrysToCheck@@YAPBU_s_TryBlockMapEntry@@PBU_s_FuncInfo@@HHPAI1@Z,exact,library,?_GetRangeOfTrysToCheck@@YAPBU_s_TryBlockMapEntry@@PBU_s_FuncInfo@@HHPAI1@Z,CRT,,100.00,122,LIB_FREE,
0x004629eb,library,,?_CreateFrameInfo@@YAPAUFrameInfo@@PAU1@PAX@Z,exact,library,?_CreateFrameInfo@@YAPAUFrameInfo@@PAU1@PAX@Z,CRT,,100.00,40,LIB_FREE,
0x00462a13,library,,?IsExceptionObjectToBeDestroyed@@YAHPAX@Z,exact,library,?IsExceptionObjectToBeDestroyed@@YAHPAX@Z,CRT,,100.00,33,LIB_FREE,
0x00462a34,library,,?_FindAndUnlinkFrame@@YAXPAUFrameInfo@@@Z,exact,library,?_FindAndUnlinkFrame@@YAXPAUFrameInfo@@@Z,CRT,,100.00,76,LIB_FREE,
0x00462a80,library,,?_CallCatchBlock2@@YAPAXPAUEHRegistrationNode@@PBU_s_FuncInfo@@PAXHK@Z,exact,library,?_CallCatchBlock2@@YAPAXPAUEHRegistrationNode@@PBU_s_FuncInfo@@PAXHK@Z,CRT,,100.00,89,LIB_FREE,
0x00462adc,library,,__EH_prolog,exact,library,__EH_prolog,CRT,,100.00,31,LIB_FREE,
0x00462afb,library,,__CxxThrowException@8,exact,library,__CxxThrowException@8,CRT,,100.00,58,LIB_FREE,
0x00462b35,library,,??1type_info@@UAE@XZ,exact,library,??1type_info@@UAE@XZ,CRT,,100.00,61,LIB_FREE,crt=70 theirs=61
0x00462b72,,,,excluded,library,,CRT,,0.00,9,LIB_FREE,
0x00462b7b,library,,??_Gtype_info@@UAEPAXI@Z,exact,library,??_Gtype_info@@UAEPAXI@Z,CxxRuntime,,100.00,28,LIB_FREE,
0x00462b97,library,,??8type_info@@QBEHABV0@@Z,,,,,,,,LIB_FREE,
0x00462bb2,library,,??9type_info@@QBEHABV0@@Z,,,,,,,,LIB_FREE,
0x00462bce,library,,?before@type_info@@QBEHABV1@@Z,,,,,,,,LIB_FREE,
0x00462bed,game,,sub_462BED,,,,,,,,UNSOURCED,
0x00462bf1,game,,sub_462BF1,,,,,,,,UNSOURCED,
0x00462bfc,library,,??4type_info@@AAEAAV0@ABV0@@Z_2,,,,,,,,LIB_FREE,
0x00462c01,library,,??0exception@@QAE@XZ,exact,library,??0exception@@QAE@XZ,CRT,,100.00,17,LIB_FREE,
0x00462c12,game,,sub_462C12,,,,,,,,UNSOURCED,
0x00462c5a,game,,sub_462C5A,exact,library,??0exception@@QAE@ABV0@@Z,CRT,,100.00,82,LIB_FREE,
0x00462cac,library,,??1exception@@UAE@XZ,exact,library,??1exception@@UAE@XZ,CRT,,100.00,22,LIB_FREE,
0x00462cc2,library,,?what@exception@@UBEPBDXZ,,,,,,,,LIB_FREE,
0x00462ccf,library,,??0bad_cast@@QAE@PBD@Z,,,,,,,,LIB_FREE,
0x00462ce8,library,,??0bad_cast@@QAE@ABV0@@Z,,,,,,,,LIB_FREE,
0x00462d00,library,,??1bad_cast@@UAE@XZ,exact,library,??1bad_cast@@UAE@XZ,CxxRuntime,,100.00,11,LIB_FREE,
0x00462d0b,library,,??0bad_typeid@@QAE@PBD@Z,,,,,,,,LIB_FREE,
0x00462d24,library,,??0bad_typeid@@QAE@ABV0@@Z,,,,,,,,LIB_FREE,
0x00462d3c,library,,unknown_libname_78,exact,library,??1bad_typeid@@UAE@XZ,CxxRuntime,,100.00,11,LIB_FREE,
0x00462d47,library,,??0__non_rtti_object@@QAE@PBD@Z,,,,,,,,LIB_FREE,
0x00462d5f,library,,??0__non_rtti_object@@QAE@ABV0@@Z,,,,,,,,LIB_FREE,
0x00462d77,library,,unknown_libname_79,exact,library,??1bad_typeid@@UAE@XZ,CxxRuntime,,100.00,11,LIB_FREE,
0x00462d82,library,,??_Gexception@@UAEPAXI@Z,exact,library,??_Gexception@@UAEPAXI@Z,CxxRuntime,,100.00,28,LIB_FREE,
0x00462d9e,library,,??4exception@@QAEAAV0@ABV0@@Z,exact,library,??4exception@@QAEAAV0@ABV0@@Z,CRT,,100.00,31,LIB_FREE,
0x00462dbd,library,,??_Gbad_cast@@UAEPAXI@Z,exact,library,??_Gbad_cast@@UAEPAXI@Z,CxxRuntime,,100.00,28,LIB_FREE,
0x00462dd9,game,,sub_462DD9,exact,library,??_Gbad_typeid@@UAEPAXI@Z,CxxRuntime,,100.00,28,LIB_FREE,
0x00462df5,game,,sub_462DF5,exact,library,??_Gbad_typeid@@UAEPAXI@Z,CxxRuntime,,100.00,28,LIB_FREE,
0x00462e11,library,,?TypeMatch@@YAHPBU_s_HandlerType@@PBU_s_CatchableType@@PBU_s_ThrowInfo@@@Z,exact,library,?TypeMatch@@YAHPBU_s_HandlerType@@PBU_s_CatchableType@@PBU_s_ThrowInfo@@@Z,CRT,,100.00,79,LIB_FREE,
0x00462e60,library,,?FrameUnwindFilter@@YAHPAU_EXCEPTION_POINTERS@@@Z,,,,,,,,LIB_FREE,
0x00462e7e,library,,___FrameUnwindToState,exact,library,___FrameUnwindToState,CRT,,100.00,173,LIB_FREE,crt=206 theirs=173
0x00462f31,,,,excluded,library,,CRT,,0.00,27,LIB_FREE,
0x00462f4c,library,,?ExFilterRethrow@@YAHPAU_EXCEPTION_POINTERS@@@Z,,,,,,,,LIB_FREE,
0x00462f7c,library,,___DestructExceptionObject,exact,library,___DestructExceptionObject,CRT,,100.00,52,LIB_FREE,crt=69 theirs=52
0x00462fc1,library,,?AdjustPointer@@YAPAXPAXABUPMD@@@Z,exact,library,?AdjustPointer@@YAPAXPAXABUPMD@@@Z,CRT,,100.00,31,LIB_FREE,
0x00462fe0,library,,?__uncaught_exception@@YA_NXZ,,,,,,,,LIB_FREE,
0x00462ff3,library,,___CxxRegisterExceptionObject,,,,,,,,LIB_FREE,
0x00463096,library,,___CxxDetectRethrow,,,,,,,,LIB_FREE,
0x004630ce,library,,___CxxUnregisterExceptionObject,,,,,,,,LIB_FREE,
0x0046316c,game,,sub_46316C,,,,,,,,UNSOURCED,
0x00463170,library,,___CxxCallUnwindDtor,,,,,,,,LIB_FREE,
0x0046319e,library,,___CxxCallUnwindVecDtor,,,,,,,,LIB_FREE,
0x004631d5,library,,?CallCatchBlock@@YAPAXPAUEHExceptionRecord@@PAUEHRegistrationNode@@PAU_CONTEXT@@PBU_s_FuncInfo@@PAXHK@Z,exact,library,?CallCatchBlock@@YAPAXPAUEHExceptionRecord@@PAUEHRegistrationNode@@PAU_CONTEXT@@PBU_s_FuncInfo@@PAXHK@Z,CRT,,100.00,332,LIB_FREE,crt=452 theirs=332
0x0046332a,,,,excluded,library,,CRT,,0.00,111,LIB_FREE,
0x00463399,library,,?BuildCatchObject@@YAXPAUEHExceptionRecord@@PAXPBU_s_HandlerType@@PBU_s_CatchableType@@@Z,exact,library,?BuildCatchObject@@YAXPAUEHExceptionRecord@@PAXPBU_s_HandlerType@@PBU_s_CatchableType@@@Z,CRT,,100.00,368,LIB_FREE,crt=380 theirs=368
0x00463515,library,,___CxxExceptionFilter,exact,library,___CxxExceptionFilter,CRT,,100.00,293,LIB_FREE,
0x0046363a,library,,?CatchIt@@YAXPAUEHExceptionRecord@@PAUEHRegistrationNode@@PAU_CONTEXT@@PAXPBU_s_FuncInfo@@PBU_s_HandlerType@@PBU_s_CatchableType@@PBU_s_TryBlockMapEntry@@H1E@Z,exact,library,?CatchIt@@YAXPAUEHExceptionRecord@@PAUEHRegistrationNode@@PAU_CONTEXT@@PAXPBU_s_FuncInfo@@PBU_s_HandlerType@@PBU_s_CatchableType@@PBU_s_TryBlockMapEntry@@H1E@Z,CRT,,100.00,103,LIB_FREE,
0x004636a1,library,,?FindHandlerForForeignException@@YAXPAUEHExceptionRecord@@PAUEHRegistrationNode@@PAU_CONTEXT@@PAXPBU_s_FuncInfo@@HH1@Z,exact,library,?FindHandlerForForeignException@@YAXPAUEHExceptionRecord@@PAUEHRegistrationNode@@PAU_CONTEXT@@PAXPBU_s_FuncInfo@@HH1@Z,CRT,,100.00,190,LIB_FREE,
0x0046375f,library,,?FindHandler@@YAXPAUEHExceptionRecord@@PAUEHRegistrationNode@@PAU_CONTEXT@@PAXPBU_s_FuncInfo@@EH1@Z,exact,library,?FindHandler@@YAXPAUEHExceptionRecord@@PAUEHRegistrationNode@@PAU_CONTEXT@@PAXPBU_s_FuncInfo@@EH1@Z,CRT,,100.00,516,LIB_FREE,
0x00463963,library,,___InternalCxxFrameHandler,exact,library,___InternalCxxFrameHandler,CRT,,100.00,162,LIB_FREE,
0x00463a10,library,,__CallSettingFrame@12,exact,library,__CallSettingFrame@12,CRT,,100.00,76,LIB_FREE,
0x00463a5c,library,,?__CxxUnhandledExceptionFilter@@YGJPAU_EXCEPTION_POINTERS@@@Z,exact,library,?__CxxUnhandledExceptionFilter@@YGJPAU_EXCEPTION_POINTERS@@@Z,CRT,,100.00,78,LIB_FREE,
0x00463aaa,library,,?__CxxSetUnhandledExceptionFilter@@YAHXZ,,,,,,,,LIB_FREE,
0x00463aca,library,,?_ValidateRead@@YAHPBXI@Z,exact,library,?_ValidateRead@@YAHPBXI@Z,CRT,,100.00,28,LIB_FREE,
0x00463ae6,library,,?_ValidateWrite@@YAHPAXI@Z,exact,library,?_ValidateWrite@@YAHPAXI@Z,CRT,,100.00,28,LIB_FREE,
0x00463b02,library,,?_ValidateExecute@@YAHP6GHXZ@Z,exact,library,?_ValidateExecute@@YAHP6GHXZ@Z,CRT,,100.00,24,LIB_FREE,
0x00463b1a,thunk,,SetUnhandledExceptionFilter,,,,,,,,LIB_FREE,
0x00463b20,thunk,,IsBadReadPtr,,,,,,,,LIB_FREE,
0x00463b26,thunk,,IsBadCodePtr,,,,,,,,LIB_FREE,
0x00463b2c,library,,__ftol2,exact,library,__ftol2,CRT,,100.00,117,LIB_FREE,
0x00463bb0,library,,_fmod,,,,,,,,LIB_FREE,
0x00463bba,library,,__CIfmod,excluded,library,,CRT,,0.00,10,LIB_FREE,
0x00463bf0,library,,__CIacos,exact,library,__CIacos,CRT,,100.00,20,LIB_FREE,
0x00463c04,library,,_acos,,,,,,,,LIB_FREE,
0x00463c0d,library,,start_0,excluded,library,,CRT,,0.00,174,LIB_FREE,
0x00463cc0,library,,__cintrindisp2,exact,library,__cintrindisp2,CRT,,100.00,62,LIB_FREE,
0x00463cfe,library,,__cintrindisp1,exact,library,__cintrindisp1,CRT,,100.00,61,LIB_FREE,
0x00463d3b,library,,__ctrandisp2,exact,library,__ctrandisp2,CRT,,100.00,72,LIB_FREE,
0x00463d83,library,,ctranexit,excluded,library,,CRT,,0.00,7,LIB_FREE,
0x00463d8a,library,,cintrinexit,excluded,library,,CRT,,0.00,327,LIB_FREE,
0x00463ed1,library,,__ctrandisp1,exact,library,__ctrandisp1,CRT,,100.00,51,LIB_FREE,
0x00463f04,library,,__fload,exact,library,__fload,CRT,,100.00,60,LIB_FREE,
0x00463f40,library,,__trandisp1,exact,library,__trandisp1,CRT,,100.00,103,LIB_FREE,
0x00463fa7,library,,__trandisp2,exact,library,__trandisp2,CRT,,100.00,140,LIB_FREE,
0x004640f9,library,,__rttosnpopde,,,,,,,,LIB_FREE,
0x00464109,library,,chsifnegret,,,,,,,,LIB_FREE,
0x00464110,library,,_fdiv_main_routine,,,,,,,,LIB_FREE,
0x00464227,library,,__adj_fdiv_r,,,,,,,,LIB_FREE,
0x004646c6,library,,__fdivp_sti_st,,,,,,,,LIB_FREE,
0x004646d9,library,,__fdivrp_sti_st,,,,,,,,LIB_FREE,
0x004646ec,library,,__adj_fdiv_m32,,,,,,,,LIB_FREE,
0x00464738,library,,__adj_fdiv_m64,,,,,,,,LIB_FREE,
0x00464784,library,,__adj_fdiv_m16i,,,,,,,,LIB_FREE,
0x004647b8,library,,__adj_fdiv_m32i,,,,,,,,LIB_FREE,
0x004647ec,library,,__adj_fdivr_m32,,,,,,,,LIB_FREE,
0x00464838,library,,__adj_fdivr_m64,,,,,,,,LIB_FREE,
0x00464884,library,,__adj_fdivr_m16i,,,,,,,,LIB_FREE,
0x004648b8,library,,__adj_fdivr_m32i,,,,,,,,LIB_FREE,
0x004648ec,library,,__safe_fdiv,,,,,,,,LIB_FREE,
0x00464901,library,,__safe_fdivr,,,,,,,,LIB_FREE,
0x00464916,library,,__fprem_common,exact,library,__fprem_common,CRT,,100.00,518,LIB_FREE,
0x00464b1c,library,,__adj_fprem,exact,library,__adj_fprem,CRT,,100.00,178,LIB_FREE,
0x00464bce,library,,__fprem1_common,,,,,,,,LIB_FREE,
0x00464dd4,library,,__adj_fprem1,,,,,,,,LIB_FREE,
0x00464e89,library,,__safe_fprem,,,,,,,,LIB_FREE,
0x00464e8f,library,,__safe_fprem1,,,,,,,,LIB_FREE,
0x00464e95,library,,__adj_fpatan,,,,,,,,LIB_FREE,
0x00464e98,library,,__adj_fptan,,,,,,,,LIB_FREE,
0x00464ea0,library,,__startTwoArgErrorHandling,exact,library,__startTwoArgErrorHandling,CRT,,100.00,23,LIB_FREE,
0x00464eb7,library,,__startOneArgErrorHandling,exact,library,__startOneArgErrorHandling,CRT,,100.00,60,LIB_FREE,
0x00464f00,library,,__twoToTOS,,,,,,,,LIB_FREE,
0x00464f15,library,,__load_CW,exact,library,__load_CW,CRT,,100.00,23,LIB_FREE,
0x00464f2c,library,,__convertTOStoQNaN,exact,library,__convertTOStoQNaN,CRT,,100.00,25,LIB_FREE,
0x00464f45,library,,__fload_withFB,,,,,,,,LIB_FREE,
0x00464f88,library,,__checkTOS_withFB,exact,library,__checkTOS_withFB,CRT,,100.00,22,LIB_FREE,
0x00464fab,,,,exact,library,__math_exit,CRT,,100.00,42,LIB_FREE,
0x00464fd5,library,,__check_overflow_exit,,,,,,,,LIB_FREE,
0x0046508c,game,,sub_46508C,exact,library,__87except,CRT,,100.00,252,LIB_FREE,
0x00465190,,,,excluded,compiler_generated,,CxxEH,,0.00,8,LIB_FREE,
0x004651a2,,,,excluded,compiler_generated,,CxxEH,,0.00,8,LIB_FREE,
0x004651b4,,,,excluded,compiler_generated,,CxxEH,,0.00,8,LIB_FREE,
0x004651c6,,,,excluded,compiler_generated,,CxxEH,,0.00,8,LIB_FREE,
0x004651e0,,,,excluded,compiler_generated,,CxxEH,,0.00,28,LIB_FREE,
0x004651fc,,,,excluded,compiler_generated,,CxxEH,,0.00,14,LIB_FREE,
0x0046520a,,,,excluded,compiler_generated,,CxxEH,,0.00,27,LIB_FREE,
0x00465230,,,,excluded,compiler_generated,,CxxEH,,0.00,11,LIB_FREE,
0x00465250,,,,excluded,compiler_generated,,CxxEH,,0.00,24,LIB_FREE,
0x00465280,,,,excluded,compiler_generated,,CxxEH,,0.00,11,LIB_FREE,
0x004652a0,,,,excluded,compiler_generated,,CxxEH,,0.00,27,LIB_FREE,
0x004652bb,,,,excluded,compiler_generated,,CxxEH,,0.00,27,LIB_FREE,
0x004652e0,,,,excluded,compiler_generated,,CxxEH,,0.00,11,LIB_FREE,
0x004652eb,,,,excluded,compiler_generated,,CxxEH,,0.00,14,LIB_FREE,
0x00465310,,,,excluded,compiler_generated,,CxxEH,,0.00,11,LIB_FREE,
0x00465330,,,,excluded,compiler_generated,,CxxEH,,0.00,11,LIB_FREE,
0x00465350,,,,excluded,compiler_generated,,CxxEH,,0.00,8,LIB_FREE,
0x00465358,,,,excluded,compiler_generated,,CxxEH,,0.00,11,LIB_FREE,
0x00465380,,,,excluded,compiler_generated,,CxxEH,,0.00,8,LIB_FREE,
0x004653a0,,,,excluded,compiler_generated,,CxxEH,,0.00,8,LIB_FREE,
0x004653c0,,,,excluded,compiler_generated,,CxxEH,,0.00,11,LIB_FREE,
0x004653e0,,,,excluded,compiler_generated,,CxxEH,,0.00,11,LIB_FREE,
0x00465400,,,,excluded,compiler_generated,,CxxEH,,0.00,28,LIB_FREE,
0x00465430,,,,excluded,compiler_generated,,CxxEH,,0.00,25,LIB_FREE,
0x00465449,,,,excluded,compiler_generated,,CxxEH,,0.00,27,LIB_FREE,
0x00465464,,,,excluded,compiler_generated,,CxxEH,,0.00,27,LIB_FREE,
0x0046547f,,,,excluded,compiler_generated,,CxxEH,,0.00,27,LIB_FREE,
0x0046549a,,,,excluded,compiler_generated,,CxxEH,,0.00,27,LIB_FREE,
0x004654c0,,,,excluded,compiler_generated,,CxxEH,,0.00,14,LIB_FREE,
0x004654e0,,,,excluded,compiler_generated,,CxxEH,,0.00,25,LIB_FREE,
0x004654f9,,,,excluded,compiler_generated,,CxxEH,,0.00,27,LIB_FREE,
0x00465520,,,,excluded,compiler_generated,,CxxEH,,0.00,28,LIB_FREE,
0x00465550,,,,excluded,compiler_generated,,CxxEH,,0.00,27,LIB_FREE,
0x00465580,,,,excluded,compiler_generated,,CxxEH,,0.00,11,LIB_FREE,
0x004655a0,,,,excluded,compiler_generated,,CxxEH,,0.00,11,LIB_FREE,
0x004655c0,,,,excluded,compiler_generated,,CxxEH,,0.00,25,LIB_FREE,
0x004655d9,,,,excluded,compiler_generated,,CxxEH,,0.00,27,LIB_FREE,
0x004655f4,,,,excluded,compiler_generated,,CxxEH,,0.00,27,LIB_FREE,
0x00465620,,,,excluded,compiler_generated,,CxxEH,,0.00,14,LIB_FREE,
0x00465640,,,,excluded,compiler_generated,,CxxEH,,0.00,11,LIB_FREE,
0x00465660,,,,excluded,compiler_generated,,CxxEH,,0.00,11,LIB_FREE,
0x00465680,,,,excluded,compiler_generated,,CxxEH,,0.00,11,LIB_FREE,
0x0046568b,,,,excluded,compiler_generated,,CxxEH,,0.00,11,LIB_FREE,
0x004656a0,,,,excluded,compiler_generated,,CxxEH,,0.00,25,LIB_FREE,
0x004656b9,,,,excluded,compiler_generated,,CxxEH,,0.00,27,LIB_FREE,
0x004656d4,,,,excluded,compiler_generated,,CxxEH,,0.00,27,LIB_FREE,
0x004656ef,,,,excluded,compiler_generated,,CxxEH,,0.00,27,LIB_FREE,
0x0046570a,,,,excluded,compiler_generated,,CxxEH,,0.00,27,LIB_FREE,
0x00465725,,,,excluded,compiler_generated,,CxxEH,,0.00,27,LIB_FREE,
0x00465740,,,,excluded,compiler_generated,,CxxEH,,0.00,14,LIB_FREE,
0x00465760,,,,excluded,compiler_generated,,CxxEH,,0.00,28,LIB_FREE,
0x0046577c,,,,excluded,compiler_generated,,CxxEH,,0.00,14,LIB_FREE,
0x0046578a,,,,excluded,compiler_generated,,CxxEH,,0.00,27,LIB_FREE,
0x004657b0,,,,excluded,compiler_generated,,CxxEH,,0.00,11,LIB_FREE,
0x004657d0,,,,excluded,compiler_generated,,CxxEH,,0.00,11,LIB_FREE,
0x004657db,,,,excluded,compiler_generated,,CxxEH,,0.00,14,LIB_FREE,
0x00465800,,,,excluded,compiler_generated,,CxxEH,,0.00,11,LIB_FREE,
0x00465820,,,,excluded,compiler_generated,,CxxEH,,0.00,11,LIB_FREE,
0x00465840,,,,excluded,compiler_generated,,CxxEH,,0.00,11,LIB_FREE,
0x00465860,,,,excluded,compiler_generated,,CxxEH,,0.00,11,LIB_FREE,
0x00465880,,,,excluded,compiler_generated,,CxxEH,,0.00,11,LIB_FREE,
0x004658a0,,,,excluded,compiler_generated,,CxxEH,,0.00,11,LIB_FREE,
0x00465940,library,,unknown_libname_84,,,,,,,,LIB_FREE,
0x00465950,library,,unknown_libname_85,,,,,,,,LIB_FREE,
0x004659c0,library,,unknown_libname_86,,,,,,,,LIB_FREE,
0x004659d0,library,,unknown_libname_87,,,,,,,,LIB_FREE,
0x004659e0,library,,unknown_libname_88,,,,,,,,LIB_FREE,
0x00465a20,game,,sub_465A20,,,,,,,,UNSOURCED,
0x00465a30,game,,sub_465A30,,,,,,,,UNSOURCED,
0x00465a60,game,,sub_465A60,,,,,,,,UNSOURCED,
0x00465a70,game,,nullsub_69,,,,,,,,UNSOURCED,
0x00465a80,game,,nullsub_70,,,,,,,,UNSOURCED,
